Land,Län,Kommun,1968,1969,1970,1971,1972,1973,1974,1975,1976,1977,1978,1979,1980,1981,1982,1983,1984,1985,1986,1987,1988,1989,1990,1991,1992,1993,1994,1995,1996,1997,1998,1999,2000,2001,2002,2003,2004,2005,2006,2007,2008,2009,2010,2011,2012,2013,2014,2015,2016,2017
Sverige,Stockholms län,Upplands Väsby,16230,17835,19032,20621,22948,25523,27350,28810,30048,30911,31180,31600,31961,32117,32164,32441,33477,33912,34642,35023,35294,35553,35963,35884,35884,35764,35848,36277,36415,36372,36789,37116,37576,37524,37444,37397,37517,37624,37848,38055,38248,38641,39289,40194,40723,41449,41816,42661,43891,44605
Sverige,Stockholms län,Vallentuna,11380,12223,12711,13399,13866,14406,14604,14886,15562,16113,16908,17158,17603,18226,18793,18987,19189,19511,19912,20343,20823,21618,22186,22435,22717,23061,23309,23457,23684,23901,24246,24640,25228,25643,25905,26306,26889,27397,27868,28382,28954,29361,30114,30715,31215,31616,31969,32380,32785,33175
Sverige,Stockholms län,Österåker,13595,14519,15527,16798,18525,19806,21135,22664,23885,24582,25173,25342,25631,24783,25039,25255,25810,26324,26881,27644,28362,29147,30230,30800,31308,31600,32004,32140,32655,33064,33396,33861,34427,35108,35633,36183,36867,37336,37879,38286,38720,39173,39521,39792,40269,40495,41180,42130,43293,44130
Sverige,Stockholms län,Värmdö,11154,11949,12882,13367,13912,14534,15434,16050,16577,16905,17300,17607,17846,18093,18265,18500,18719,19173,19582,20169,20660,21210,22067,23064,24391,25193,25949,26548,27318,28378,29396,30319,31260,32096,32664,33134,34029,34933,35803,36870,37376,37756,38301,38894,39387,39784,40541,41107,42000,43444
Sverige,Stockholms län,Järfälla,44114,46490,49261,50958,52018,52352,52014,51549,51696,52227,52307,52442,53321,54200,54823,55419,55776,56020,56405,56563,56402,56386,56359,56693,57336,57638,58196,58675,58955,59123,59839,60188,60471,61132,61290,61473,61564,61743,62342,63427,64355,65295,66211,67320,68210,69167,70701,72429,74412,76453
Sverige,Stockholms län,Ekerö,10177,11214,12594,13453,13912,14426,14738,15081,15489,15606,15721,15914,15927,16190,16219,16349,16375,16534,16968,17409,17885,18326,18785,19222,19994,20359,20637,20866,21073,21259,21367,21943,22266,22626,22936,23311,23594,24010,24301,24687,24779,25095,25410,25767,26160,26355,26698,26984,27406,27753
Sverige,Stockholms län,Huddinge,51930,53939,54732,54924,56421,59576,61528,62576,64065,64784,65299,66038,66570,67852,68517,69175,69581,70209,71568,71910,71921,73107,73829,74119,74830,75537,76379,77384,78873,80103,81339,82870,84535,85700,86457,87121,87681,88750,90182,91827,94209,95798,97453,99049,101010,102557,104185,105311,107538,110003
Sverige,Stockholms län,Botkyrka,21813,23878,26673,33758,43247,50531,54447,57286,58457,60500,62272,64373,65218,65456,66062,65427,65927,66326,66957,67536,68167,68255,68542,68840,69645,69225,69195,69500,70700,70778,70949,72153,73097,74151,75216,75432,75830,76592,77553,79031,80055,81195,82608,84677,86274,87580,88901,89425,90675,91925
Sverige,Stockholms län,Salem,6415,8695,11951,12787,12850,12568,12372,12703,12785,12980,12995,12974,12879,12905,12775,12470,12406,12370,12347,12278,12347,12372,12478,12707,12808,12963,12747,12871,12927,13047,13176,13474,13766,13839,13875,14057,14127,14334,14715,15065,15177,15313,15391,15694,15881,16001,16140,16426,16615,16665
Sverige,Stockholms län,Haninge,38548,41923,45001,48326,49558,49874,50411,50295,50717,53398,56128,57624,58541,59308,59665,59837,60460,61166,61172,61301,61551,62178,62797,63595,64160,63948,64676,65706,66105,66702,67764,68610,69644,70432,70902,71377,71355,71837,72956,73698,74968,76237,77054,78326,79430,80932,82407,83866,85693,88037
Sverige,Stockholms län,Tyresö,23368,25723,27112,28021,28756,28812,29015,29366,30063,30870,31234,31287,31061,31115,31415,31755,32041,32161,32564,33112,33567,33815,33973,34324,34805,35126,35923,36627,37129,37582,38046,38580,39071,39434,39720,40097,40605,41134,41476,42047,42332,42602,42947,43328,43764,44281,45390,46177,47103,47304
Sverige,Stockholms län,Upplands-Bro,6832,8441,10936,12314,12765,13214,13976,14792,15630,16651,17812,18210,18489,19210,19271,19427,19653,19887,19843,20021,20090,20036,20191,20280,20235,19848,19910,20025,20204,20366,20495,20728,20878,21076,21162,21252,21348,21327,21638,22221,22682,23202,23676,23984,24353,24703,25287,25789,26755,27614
Sverige,Stockholms län,Nykvarn,0,0,0,0,0,0,0,0,0,0,0,0,0,0,0,0,0,0,0,0,0,0,0,0,0,0,0,0,0,0,7724,7876,8052,8090,8204,8269,8328,8354,8609,8926,9035,9227,9331,9331,9442,9523,9815,10192,10424,10660
Sverige,Stockholms län,Täby,35973,37353,38406,38448,38434,39369,40360,41307,42513,44235,45157,46142,47105,47902,49026,50787,52771,54185,55093,55661,56339,56553,56714,56874,57322,57992,58686,58833,59445,59814,60274,60300,60197,60229,60198,60168,60422,60594,61006,61633,62266,63014,63789,64558,65364,66292,67334,68281,69386,70405
Sverige,Stockholms län,Danderyd,28067,28055,27623,27276,27763,27646,27360,27168,27113,27455,27522,27722,27842,27762,28088,28272,28484,28706,28645,28792,28525,28218,27915,27820,27809,28245,28635,28684,28881,29340,29639,29636,29570,29632,29755,29884,30100,30226,30492,30789,30851,31150,31330,31799,31960,32222,32295,32421,32653,32888
Sverige,Stockholms län,Sollentuna,35504,36410,37723,38745,39701,41189,42515,43413,44585,45246,45686,45864,45868,46091,46633,46747,47587,48212,49424,49757,50242,50606,51377,51790,52435,53068,53897,54553,55476,56294,57067,57610,58048,58266,58515,58884,58897,59355,60528,61387,62097,63347,64630,65891,66859,68145,69325,70251,71023,71848
Sverige,Stockholms län,Stockholm,758930,752361,744912,728374,702304,681318,671226,665202,661258,658435,653929,649384,647214,647115,649686,650952,653455,659030,663217,666810,669485,672187,674452,679364,684576,692954,703627,711119,718462,727339,736113,743703,750348,754948,758148,761721,765044,771038,782885,795163,810120,829417,847073,864324,881235,897700,911989,923516,935619,949761
Sverige,Stockholms län,Södertälje,68665,72973,75751,76674,77658,77817,77825,77695,77799,77829,78568,79396,80045,80335,79792,79553,79429,79764,80003,80263,80660,81460,81786,81670,81770,81489,81890,82355,82589,82986,75836,76624,77882,78794,79613,80049,80405,80553,81791,83642,84753,85270,86246,87685,89473,91072,92235,93202,94631,96032
Sverige,Stockholms län,Nacka,42234,44785,48035,50125,51913,52679,54107,55321,55782,55681,55927,56825,57229,58119,58399,58537,59009,59688,60315,61084,61931,63114,64056,65224,66098,67321,69121,70172,71213,72230,73029,73976,74974,75741,76624,77470,78715,80247,82421,84303,85661,88085,90108,91616,92873,94423,96217,97986,99359,101231
Sverige,Stockholms län,Sundbyberg,28281,27572,28085,27832,28879,28599,27972,26995,26480,26041,25899,25676,25717,25577,26052,26985,27444,28516,29692,30569,31095,31426,31308,30952,30719,31074,31404,31803,32251,32487,32868,33387,33868,33967,33797,33738,33816,34016,34529,35078,36079,37722,38633,39539,40793,42626,44090,46110,47750,49424
Sverige,Stockholms län,Solna,56588,56545,55556,55569,55037,55966,54941,53878,52841,52365,51518,51324,50441,49893,49606,49080,48828,49648,50108,50450,50964,51427,51841,52402,52882,53509,54159,54417,54644,55175,55806,55988,56605,56953,57585,57994,59098,60575,61717,63318,65289,66909,68144,69946,71293,72740,74041,76158,78129,79707
Sverige,Stockholms län,Lidingö,35739,36232,36174,35566,35314,35399,35989,36727,36955,37480,37333,37390,37390,37419,37628,37770,37987,38271,38681,38818,38819,38615,38399,38035,38120,38368,38555,39042,39513,39834,40373,40630,40584,40895,41192,41194,41407,41892,42321,42710,43111,43445,44017,44081,44434,45178,45465,46302,46853,47185
Sverige,Stockholms län,Vaxholm,4535,4757,4786,5012,5009,4952,4940,4874,4813,4816,4878,4866,4851,5960,6061,6195,6263,6325,6355,6468,6591,6669,6779,6849,7005,7392,7999,8215,8385,8528,8721,8888,9286,9470,9631,9725,9904,10123,10440,10600,10747,11001,10965,11141,11126,11188,11329,11380,11621,11831
Sverige,Stockholms län,Norrtälje,38072,38287,38238,38505,38728,38922,38981,39193,39425,39721,39987,40400,40842,41140,41469,41833,42101,42204,42503,43140,43741,44811,46165,47496,48398,49402,49975,50295,50767,51266,51552,52103,52611,53286,53702,54021,54366,54596,54836,55225,55528,55927,56080,56245,56634,56845,57568,58669,59420,60808
Sverige,Stockholms län,Sigtuna,21775,23740,26062,27399,27473,27153,26925,26615,26861,27641,28248,28548,28276,28158,28239,28681,28956,29300,29601,29900,30182,30861,31485,31825,32206,32618,33053,33406,33685,33816,34295,34766,35001,35518,35771,36028,36322,36711,36976,37793,38372,39219,39990,41329,42272,43372,44085,44786,46274,47146
Sverige,Stockholms län,Nynäshamn,17317,17855,18227,18397,18664,18956,18979,19100,19469,19707,20133,20160,20333,20583,20767,20731,20762,20857,20855,21136,21395,21681,21992,22247,22387,22536,22728,22786,22981,23140,23341,23408,23965,24332,24528,24587,24670,24648,24992,25353,25499,25781,26032,26248,26572,26796,27041,27500,27752,28109
Sverige,Uppsala län,Håbo,4542,5466,6118,6857,7642,8478,9291,9987,10727,11687,12580,13065,13301,13493,13684,13732,13780,13876,14198,14460,14815,15021,15209,15673,16208,16514,16829,16874,16964,17011,17139,17287,17468,17648,17864,18115,18378,18569,18637,18931,19225,19452,19629,19715,19883,19968,20034,20279,20737,21083
Sverige,Uppsala län,Älvkarleby,10118,10163,10279,10193,10194,10085,9946,9947,10004,9919,9860,9818,9736,9665,9553,9487,9361,9270,9139,9082,9175,9174,9263,9391,9374,9371,9212,9139,9130,9063,9047,8972,8932,8955,8970,9028,9041,9080,9110,9095,9064,9068,9103,9089,9059,9132,9169,9293,9445,9402
Sverige,Uppsala län,Knivsta,0,0,0,0,0,0,0,0,0,0,0,0,0,0,0,0,0,0,0,0,0,0,0,0,0,0,0,0,0,0,0,0,0,0,12586,12821,13059,13324,13597,13954,14259,14477,14724,14965,15279,15580,16105,16869,17323,18064
Sverige,Uppsala län,Heby,13836,13588,13320,13283,13167,13148,13100,13189,13168,13216,13257,13316,13378,13393,13304,13251,13162,13088,13096,13181,13287,13468,13595,13764,13869,13935,13974,13944,13822,13748,13672,13616,13653,13739,13725,13711,13771,13634,13530,13492,13407,13355,13382,13381,13364,13450,13490,13594,13755,13854
Sverige,Uppsala län,Tierp,21032,21164,21214,21359,21155,21034,20916,20833,20771,20871,20700,20632,20608,20461,20324,20078,19986,19818,19771,19609,19620,19794,20052,20241,20259,20410,20275,20171,20043,19980,19883,19803,19888,19891,20088,20116,20061,20056,19943,20068,20153,20044,20125,20077,20156,20144,20245,20547,20744,20930
Sverige,Uppsala län,Uppsala,124504,126796,129687,131916,133890,136067,137543,138116,139893,141444,143386,145032,146192,147770,149300,150579,152579,154859,157675,159962,161828,164754,167508,170743,174554,178011,181191,183472,184507,185971,187302,188478,189569,191110,179673,180669,182076,183308,185187,187541,190668,194751,197787,200001,202625,205199,207362,210126,214559,219914
Sverige,Uppsala län,Enköping,31077,31654,31875,32176,32464,32271,32078,31911,31999,32024,32082,32286,32720,32841,32946,32879,32808,32881,33058,33290,33700,34303,34862,35603,35905,36109,36597,36453,36325,36328,36121,36195,36606,37181,37647,38005,38211,38422,38486,38768,38978,39360,39759,40015,40349,40656,41163,41893,42988,43797
Sverige,Uppsala län,Östhammar,18248,18490,18567,18415,18431,18567,18906,19234,19721,20146,20482,20889,21028,21168,21261,21348,21198,21148,21097,21336,21338,21692,21941,22267,22310,22591,22538,22366,22184,22120,21921,21680,21733,21842,21827,21741,21738,21608,21435,21421,21434,21391,21373,21387,21262,21352,21374,21563,21822,21927
Sverige,Södermanlands län,Vingåker,9702,9686,9679,9578,9499,9558,9528,9519,9694,9750,9728,9714,9750,9768,9781,9778,9744,9721,9707,9772,9800,9823,9937,9973,9966,9943,9983,9862,9745,9697,9542,9335,9186,9156,9181,9179,9178,9269,9212,9082,9000,8911,8893,8824,8775,8835,8919,8953,9099,9180
Sverige,Södermanlands län,Gnesta,0,0,0,0,0,0,0,0,0,0,0,0,0,0,0,0,0,0,0,0,0,0,0,9254,9481,9648,9774,9711,9691,9714,9653,9743,9768,9748,9813,10002,9935,9958,9981,10031,10179,10318,10360,10345,10442,10409,10513,10649,10861,11019
Sverige,Södermanlands län,Nyköping,56455,57043,57857,58694,59913,60910,61952,62561,62932,63327,63499,63918,64099,64230,64548,64746,64686,64404,64199,64428,64739,65135,65908,47754,48093,48340,48674,48737,48730,48979,49000,49070,49063,49273,49310,49382,49575,49816,50191,50760,50973,51209,51644,51896,52336,53038,53508,54262,54924,55467
Sverige,Södermanlands län,Oxelösund,14680,15045,15164,14980,14548,14294,14292,14211,14253,14242,14322,14281,14120,13877,13556,13439,13376,13137,13134,12996,12923,13159,13035,12743,12487,12325,12030,11747,11587,11346,11188,10973,10866,10983,11183,11299,11273,11134,11111,11148,11170,11126,11193,11250,11236,11403,11551,11701,11921,12008
Sverige,Södermanlands län,Flen,18326,18469,18354,18386,18349,18208,18268,18079,17974,17902,18098,17976,18231,17860,17788,17579,17447,17117,17084,17000,17016,17197,17392,17395,17312,17440,17470,17237,17122,17091,16906,16726,16565,16411,16520,16629,16534,16412,16222,16191,16133,16139,16028,16063,16019,16156,16242,16440,16830,16864
Sverige,Södermanlands län,Katrineholm,32385,32516,32770,32930,32732,32572,32611,32635,32498,32336,32241,32308,32277,32307,32107,31959,31883,31889,31777,31884,32254,32435,32764,32966,33123,33252,33410,33262,32992,32790,32724,32527,32370,32391,32381,32418,32258,32185,32029,32162,32207,32303,32428,32409,32549,32930,33268,33462,33722,34133
Sverige,Södermanlands län,Eskilstuna,89972,92045,94009,93196,92414,92095,92236,92663,92158,91548,91097,90414,90354,90044,89479,88987,88664,88528,88448,88508,88850,89460,89765,89495,89584,89850,89761,89425,88688,88261,88027,88138,88408,89135,90089,90694,91168,91635,92250,93343,94785,95577,96311,97596,98765,99729,100923,102065,103684,104709
Sverige,Södermanlands län,Strängnäs,20412,20539,20579,20932,21096,21547,21840,22245,22487,22828,23082,23415,23705,24105,24351,24512,24715,24905,25130,25485,25841,26154,26835,27571,27944,28424,28607,28669,28766,28969,29161,29271,29610,29766,30015,30212,30522,30655,31152,31435,31715,32024,32419,32687,33072,33389,33878,34102,34609,35045
Sverige,Södermanlands län,Trosa,0,0,0,0,0,0,0,0,0,0,0,0,0,0,0,0,0,0,0,0,0,0,0,9667,9868,9977,10084,10050,10062,10023,10068,10107,10197,10357,10514,10565,10627,10831,10951,11038,11362,11446,11462,11493,11529,11680,11864,12078,12447,12916
Sverige,Östergötlands län,Ödeshög,6170,6076,6052,5967,5883,5853,5921,6051,6082,6143,6138,6169,6228,6215,6194,6124,6101,6042,6039,5968,5917,5947,5991,6031,5967,6012,5949,5900,5861,5816,5767,5727,5688,5621,5566,5528,5520,5516,5433,5371,5350,5314,5284,5245,5200,5174,5240,5236,5335,5343
Sverige,Östergötlands län,Ydre,4550,4481,4363,4307,4233,4189,4213,4297,4294,4289,4282,4315,4362,4396,4410,4363,4373,4330,4304,4272,4252,4280,4333,4338,4338,4308,4291,4276,4255,4223,4178,4152,4131,4048,4004,3943,3894,3866,3822,3760,3726,3672,3672,3666,3612,3617,3660,3658,3675,3733
Sverige,Östergötlands län,Kinda,10409,10462,10487,10494,10447,10663,10680,10635,10637,10614,10608,10654,10595,10504,10382,10315,10230,10136,10051,10029,10067,10219,10274,10522,10543,10572,10597,10552,10381,10322,10247,10105,10129,10096,10014,9981,9953,9946,9918,9947,9885,9811,9762,9799,9744,9802,9795,9795,9874,9882
Sverige,Östergötlands län,Boxholm,6367,6454,6387,6362,6123,6047,5903,5899,5866,5823,5824,5858,5794,5787,5761,5737,5692,5629,5597,5550,5578,5610,5675,5727,5700,5660,5681,5642,5612,5559,5447,5411,5334,5327,5291,5308,5287,5242,5226,5223,5260,5248,5221,5205,5206,5278,5322,5328,5373,5453
Sverige,Östergötlands län,Åtvidaberg,12802,12960,13046,13100,13021,13043,13055,12976,12856,12903,12881,12890,12927,12970,12936,12911,12847,12707,12627,12551,12677,12716,12732,12699,12696,12664,12616,12574,12493,12368,12215,12055,11946,11894,11887,11818,11817,11723,11775,11658,11543,11498,11504,11517,11446,11460,11472,11545,11617,11631
Sverige,Östergötlands län,Finspång,24079,24361,24699,24923,25129,25092,24903,24799,25021,25070,25044,24753,24614,24521,24274,24134,23874,23703,23692,23473,23378,23239,23291,23186,23127,23133,23219,22996,22688,22349,22043,21678,21477,21279,21208,21052,20993,20888,20812,20703,20589,20733,20747,20763,20791,20903,21150,21199,21526,21577
Sverige,Östergötlands län,Valdemarsvik,9253,9246,9109,8935,8904,8868,8882,8864,9027,9036,9110,9266,9303,9105,8996,9000,8906,8784,8717,8701,8697,8790,8804,8870,8867,8995,8922,8789,8640,8586,8538,8383,8337,8224,8230,8195,8159,8122,8038,7949,7852,7811,7760,7662,7597,7585,7657,7747,7809,7920
Sverige,Östergötlands län,Linköping,101449,102864,104646,105807,106643,107033,108034,109236,110053,110779,111424,111866,112600,113330,113993,114681,115600,116838,117835,118602,119167,120562,122268,124352,126377,128610,130489,131370,131898,132089,131948,132500,133168,134039,135066,136231,136912,137636,138580,140367,141863,144690,146416,147334,148521,150202,151881,152966,155817,158520
Sverige,Östergötlands län,Norrköping,117792,119215,120959,121262,120778,120341,119470,119169,119967,120647,120251,119993,119238,118626,118236,118064,118451,118567,118801,119001,119370,119921,120522,120756,120798,121028,123240,123795,123531,123049,122415,122212,122199,122896,123303,123971,124410,124642,125463,126680,128060,129254,130050,130623,132124,133749,135283,137035,139363,140927
Sverige,Östergötlands län,Söderköping,9620,9601,9639,9730,9951,9996,10162,10338,10476,10625,10916,11232,11467,11769,11981,12091,12175,12339,12532,12638,12838,13034,13351,13572,13646,13840,13927,13911,13940,13820,13879,13968,13936,13932,14009,14082,14095,14025,14051,14020,13959,14042,14024,14043,14143,14195,14268,14240,14402,14521
Sverige,Östergötlands län,Motala,40027,40699,41175,40972,41288,41465,41610,41577,41958,42117,42144,41945,41965,41824,41478,41432,41364,41350,41352,41444,41502,41710,41994,42223,42264,42497,42811,42949,42754,42687,42444,42181,42175,42168,42078,42015,42062,41912,41959,42060,41953,41843,41955,41828,41867,42187,42556,42903,43258,43549
Sverige,Östergötlands län,Vadstena,7713,7684,7540,7560,7661,7746,7750,7718,7667,7614,7598,7564,7654,7629,7608,7600,7505,7435,7462,7523,7524,7423,7557,7555,7650,7676,7714,7710,7697,7735,7703,7662,7668,7628,7629,7582,7562,7527,7541,7536,7475,7420,7391,7317,7338,7383,7393,7407,7348,7421
Sverige,Östergötlands län,Mjölby,24069,24334,24573,24606,25042,25472,25429,25529,25527,25677,25837,25885,26042,26018,25965,25858,25769,25725,25744,25828,25952,26055,26219,26269,26295,26217,26147,25979,25909,25757,25587,25286,25157,25211,25153,25191,25326,25258,25348,25535,25654,25770,25856,26073,26195,26313,26428,26602,26708,27019
Sverige,Jönköpings län,Aneby,6318,6327,6296,6345,6341,6363,6452,6508,6565,6625,6764,6785,6873,6898,6933,6913,6903,6897,6881,6919,7002,7038,7159,7181,7187,7269,7284,7169,7083,6953,6806,6799,6682,6686,6631,6666,6624,6576,6551,6506,6523,6446,6393,6415,6407,6375,6426,6537,6603,6776
Sverige,Jönköpings län,Gnosjö,7483,7590,7680,7711,7753,7922,8185,8324,8536,8651,8664,8789,9056,8979,8935,9001,9086,9175,9235,9365,9420,9659,9855,9828,9776,9822,9831,10023,10014,10140,10355,10266,10280,10191,9997,9926,9810,9753,9598,9657,9658,9536,9546,9400,9354,9406,9509,9514,9615,9733
Sverige,Jönköpings län,Mullsjö,3914,3906,3967,4090,4422,4698,4893,5097,5275,5603,5845,6264,6518,6646,6816,6875,6900,7011,7032,7099,7201,7235,7375,7355,7445,7498,7371,7332,7402,7312,7245,7175,7071,7118,7124,7129,7101,7087,7075,7046,7086,7027,7033,7034,7070,7039,7109,7157,7226,7328
Sverige,Jönköpings län,Habo,5556,5564,5666,5703,5901,6093,6337,6675,7076,7234,7613,7892,8085,8336,8476,8591,8666,8761,8767,8830,9017,9240,9498,9560,9540,9550,9541,9577,9559,9556,9577,9587,9578,9471,9584,9568,9758,9842,10122,10375,10526,10674,10741,10828,10879,10975,11110,11314,11586,11845
Sverige,Jönköpings län,Gislaved,25288,25889,26231,26581,26719,26980,27486,27570,27808,28078,28087,28127,28483,28432,28258,28247,28376,28448,28525,28715,28766,28997,29238,29331,29386,29702,29781,29841,29884,30120,30366,30408,30407,30208,29976,29956,29750,29489,29327,29330,29380,29212,29111,28868,28732,28713,28737,29272,29478,29629
Sverige,Jönköpings län,Vaggeryd,11052,11157,11044,11120,11051,11095,11263,11355,11502,11604,11769,12050,12121,12141,12112,12103,12133,12070,12049,12099,12185,12308,12431,12441,12412,12420,12382,12425,12349,12383,12524,12475,12738,12655,12603,12656,12660,12665,12816,12939,12981,12959,12991,13160,13148,13209,13229,13372,13644,13840
Sverige,Jönköpings län,Jönköping,104677,106402,107698,107743,108175,108063,108195,108500,108171,108568,108179,107652,107561,107413,107134,106899,107031,107362,108235,108962,109890,110860,111486,112277,112802,113557,114811,115429,115636,115510,115897,116344,117095,117896,118581,119340,119927,120965,122194,123709,125154,126331,127382,128305,129478,130798,132140,133310,135297,137481
Sverige,Jönköpings län,Nässjö,33456,33636,33536,33237,33097,32819,32989,32591,32390,32412,32119,31891,31694,31593,31295,31151,30900,30786,30798,30739,30623,30766,30767,30883,30788,30736,30733,30562,30207,30111,29799,29607,29495,29360,29341,29337,29377,29314,29369,29461,29511,29489,29339,29367,29382,29516,29907,30451,30820,31178
Sverige,Jönköpings län,Värnamo,28655,29003,29361,29468,29659,29646,29848,30072,30094,30075,29962,30156,30342,30364,30410,30453,30495,30668,30737,30894,31040,31278,31315,31314,31376,31533,31600,31582,31544,31668,31983,31970,32256,32275,32252,32350,32464,32700,32841,32930,32823,32753,32833,32934,33012,33155,33334,33473,33906,34206
Sverige,Jönköpings län,Sävsjö,11437,11430,11471,11371,11357,11536,11555,11590,11609,11728,11738,11771,11838,11817,11763,11694,11634,11588,11517,11566,11730,11889,12086,12130,12112,12034,12002,11900,11788,11626,11461,11192,11049,10986,10975,10968,10973,10989,10985,10937,10883,10871,10830,10871,10844,10969,11100,11228,11396,11496
Sverige,Jönköpings län,Vetlanda,28638,28731,28860,28713,28833,28901,28723,28532,28598,28644,28582,28714,28736,28597,28375,28270,28190,27965,27784,27727,27833,27975,28023,28170,27946,27810,27901,27825,27563,27332,27064,26735,26624,26522,26428,26398,26531,26459,26380,26365,26343,26350,26304,26302,26297,26419,26647,26873,27241,27415
Sverige,Jönköpings län,Eksjö,18134,18124,18203,18203,18195,18214,18255,18227,18172,18031,18057,18027,18072,18039,18046,18115,18054,17894,17840,17804,17857,17993,18124,18251,18239,18109,18115,17890,17678,17391,17116,16910,16868,16812,16761,16656,16571,16575,16516,16435,16312,16353,16244,16304,16368,16464,16598,16790,17129,17416
Sverige,Jönköpings län,Tranås,18994,19239,19266,19169,19135,19009,18867,18717,18697,18600,18486,18513,18380,18258,18178,18190,18122,17900,17812,17685,17675,17827,17806,17932,17843,17880,18054,18040,18019,17966,17866,17798,17686,17644,17718,17709,17751,17765,17765,17920,18066,18043,18119,18108,18145,18197,18416,18546,18794,18894
Sverige,Kronobergs län,Uppvidinge,12098,12002,11943,11817,11609,11609,11612,11531,11370,11265,11221,11146,11040,10893,10798,10739,10621,10465,10420,10469,10418,10551,10613,10569,10484,10473,10522,10389,10236,10097,9992,9912,9807,9686,9580,9553,9514,9466,9508,9484,9347,9320,9244,9216,9276,9288,9222,9319,9508,9561
Sverige,Kronobergs län,Lessebo,8358,8433,8449,8495,8495,8683,8750,8908,8918,8957,8973,9026,9006,9040,9038,8987,8874,8840,8822,8798,8769,8853,8933,9004,9049,9098,9018,8959,8801,8677,8541,8433,8365,8386,8255,8227,8198,8127,8099,8070,8085,8165,8139,8077,8012,8059,8256,8516,8760,8806
Sverige,Kronobergs län,Tingsryd,15118,15034,14982,14800,14804,14727,14711,14735,14774,14800,14804,14782,14773,14763,14622,14561,14452,14376,14264,14273,14297,14403,14507,14559,14505,14675,14434,14367,14179,13915,13692,13484,13371,13258,13175,13013,12892,12793,12712,12600,12502,12358,12231,12235,12141,12156,12198,12260,12393,12451
Sverige,Kronobergs län,Alvesta,18940,19131,19184,18858,18659,18969,18785,18784,18918,19018,19158,19214,19442,19846,19710,19773,19791,19518,19552,19515,19579,19767,19754,19839,19762,19813,20012,19714,19441,19387,19171,19035,18916,18957,18930,18879,18865,18684,18741,18776,18775,18757,18802,18917,19034,19280,19503,19581,19850,20026
Sverige,Kronobergs län,Älmhult,15098,15280,15283,15295,15176,15128,15218,15250,15342,15373,15340,15487,15562,15614,15596,15593,15671,15720,15621,15538,15645,15813,15945,16049,16037,15901,15958,15971,15851,15708,15569,15448,15403,15442,15444,15437,15421,15346,15368,15378,15411,15570,15603,15629,15724,15759,15908,16168,16618,17148
Sverige,Kronobergs län,Markaryd,11559,11776,11795,11810,11773,11866,11936,11918,12009,11940,11849,11886,11798,11612,11468,11425,11323,11265,11075,10974,11044,11056,11093,10923,10743,10706,10729,10609,10515,10334,10039,9927,9798,9716,9615,9594,9636,9571,9613,9641,9600,9559,9619,9513,9477,9515,9549,9779,9991,10170
Sverige,Kronobergs län,Växjö,56004,57650,59019,60156,60875,61209,61707,62048,62537,63045,63340,63763,64661,65072,65450,65859,66173,66554,66925,67350,68499,68849,69547,70067,70704,71396,72432,72767,73089,73436,73698,73770,73901,74082,75036,75848,76755,77363,78473,79562,81074,82023,83005,83710,84800,85822,86970,88108,89500,91060
Sverige,Kronobergs län,Ljungby,25247,25647,26079,26100,26038,26008,26107,26264,26451,26675,26749,27097,27409,27329,27339,27382,27360,27234,27174,27199,27176,27297,27490,27602,27677,27587,27642,27601,27543,27467,27376,27140,27078,27055,26943,26897,27004,27093,27121,27276,27430,27410,27297,27357,27423,27277,27522,27638,28008,28297
Sverige,Kalmar län,Högsby,8569,8437,8322,8230,8087,7925,7766,7671,7694,7738,7779,7845,7800,7821,7777,7699,7547,7392,7296,7215,7184,7182,7177,7104,7046,7092,7326,7175,6982,6783,6717,6544,6380,6349,6300,6348,6244,6066,6033,5931,5930,5873,5777,5768,5730,5718,5782,5857,6080,6087
Sverige,Kalmar län,Torsås,7783,7716,7574,7555,7534,7544,7626,7670,7677,7767,7847,7882,7923,7930,7924,7888,7921,7870,7804,7768,7828,7862,7873,7934,8024,8017,7937,7852,7741,7639,7611,7540,7468,7361,7293,7231,7263,7240,7154,7133,7076,7044,6962,6886,6858,6879,6925,6943,7063,7083
Sverige,Kalmar län,Mörbylånga,9939,9972,9898,9873,10124,10537,10982,11383,11760,12082,12297,12527,12613,12757,12720,12749,12805,12707,12683,12799,13029,13222,13447,13711,13792,13784,13744,13802,13655,13624,13568,13488,13442,13410,13430,13481,13403,13405,13520,13608,13737,13834,14021,14138,14256,14368,14498,14669,14916,15000
Sverige,Kalmar län,Hultsfred,19462,19421,19550,19465,18743,18563,18427,18422,18319,18181,18102,17944,17794,17662,17462,17292,17120,16961,16777,16689,16703,16920,17020,16992,16881,16753,16991,16762,16338,15926,15656,15275,15163,14977,14893,14739,14591,14456,14306,14196,14046,13855,13696,13515,13550,13635,13738,13919,14607,14579
Sverige,Kalmar län,Mönsterås,13335,13477,13398,13324,13257,13095,13060,13036,13109,13207,13156,13169,13135,13233,13235,13199,13093,12999,12920,12878,12911,13008,13182,13285,13287,13308,13437,13449,13431,13451,13371,13275,13227,13240,13220,13256,13226,13103,13111,13114,12956,12980,12909,12853,12799,12949,13057,13144,13395,13498
Sverige,Kalmar län,Emmaboda,11668,11768,11787,11904,11801,11823,11738,11699,11529,11506,11362,11281,11324,11228,11153,11101,10952,10854,10730,10723,10694,10685,10689,10702,10641,10544,10509,10358,10240,10098,9971,9811,9772,9750,9690,9659,9643,9543,9436,9383,9331,9223,9187,9039,8991,8964,9009,9090,9348,9368
Sverige,Kalmar län,Kalmar,51479,51854,52637,52701,52425,52385,52332,52385,52583,52625,52751,52657,52846,53092,53499,53516,53747,54165,54554,54915,55129,55801,56206,56498,56863,57427,58070,58420,58772,59101,58808,59122,59308,59787,60066,60415,60649,60924,61321,61533,61693,62388,62815,63055,63671,63887,64676,65704,66571,67451
Sverige,Kalmar län,Nybro,22066,22155,22241,21907,21745,21562,21588,21569,21519,21631,21584,21661,21636,21439,21257,21139,20992,20867,20720,20705,20706,20855,20978,20997,20840,20722,20873,20809,20626,20334,20126,19905,19785,19782,19871,19968,19882,19775,19680,19643,19557,19576,19651,19636,19486,19489,19714,19754,20311,20406
Sverige,Kalmar län,Oskarshamn,24982,25201,25747,26516,27400,27510,27821,28007,27995,28205,28074,28021,28037,27858,27789,27886,27788,27605,27494,27351,27217,27232,27271,27235,27116,27162,27264,27211,27204,27005,26769,26504,26349,26213,26161,26253,26300,26247,26244,26294,26309,26232,26163,26166,26144,26212,26301,26450,27006,26928
Sverige,Kalmar län,Västervik,42085,42560,42312,42015,42049,41941,41884,41702,41681,41437,41238,41303,41263,40980,40906,40671,40395,39975,39752,39558,39522,39602,39908,39791,39731,39710,39770,39579,39256,38885,38359,37930,37433,36956,36913,36768,36566,36505,36400,36458,36356,36290,36206,36015,35892,35867,35920,36049,36438,36551
Sverige,Kalmar län,Vimmerby,17152,17176,17126,16769,16590,16545,16458,16394,16317,16293,16206,16192,16180,16039,15972,15869,15837,15702,15589,15630,15688,15846,15867,15963,16050,16012,16192,16096,15950,15816,15779,15788,15776,15644,15628,15621,15596,15613,15588,15608,15551,15538,15473,15397,15403,15287,15297,15419,15636,15728
Sverige,Kalmar län,Borgholm,10635,10561,10432,10392,10425,10657,10713,10786,10786,10865,10944,10966,11030,11059,11129,11125,11183,11079,11098,11125,11170,11349,11484,11671,11641,11997,11944,11859,11701,11498,11369,11319,11288,11228,11162,11147,11133,11067,10983,10933,10855,10806,10676,10622,10768,10619,10681,10681,10930,10857
Sverige,Gotlands län,Gotland,53876,53977,53722,53720,53805,53950,54174,54400,54621,54791,54935,55261,55346,55623,55897,55987,56203,56144,56174,56269,56383,56840,57108,57383,57578,57751,58237,58120,57971,57791,57643,57428,57313,57412,57381,57535,57661,57488,57297,57122,57004,57221,57269,57308,57241,57161,57255,57391,58003,58595
Sverige,Blekinge län,Olofström,16209,16906,17565,17314,17475,17325,17645,17187,16651,16321,16122,15872,15630,15482,15271,15214,15070,15017,14903,14847,14883,14986,15054,15029,14983,14941,14997,14893,14708,14649,14505,14241,14005,13803,13637,13541,13524,13391,13355,13198,13167,13102,12988,12876,12896,12902,13031,13170,13417,13482
Sverige,Blekinge län,Karlskrona,59436,59247,59209,59484,59963,59862,59902,60013,60232,60297,60238,60270,60141,59666,59597,59696,59660,59393,59007,58650,58634,58768,59054,59279,59390,59753,60642,60592,60388,60302,60429,60396,60564,60596,60676,60857,61137,61383,61844,62338,62804,63342,64032,64215,63691,63912,64348,65380,66262,66666
Sverige,Blekinge län,Ronneby,29182,29597,29714,29865,29793,29856,29904,30368,30311,30219,30284,30270,30159,30066,29885,29694,29684,29382,29114,28988,28868,28902,28905,29122,29178,29157,29287,29256,29094,29056,28909,28778,28634,28574,28472,28287,28283,28358,28443,28491,28489,28416,28254,27910,27788,27871,28221,28697,29207,29568
Sverige,Blekinge län,Karlshamn,30951,31561,31887,32018,32002,32122,32117,32136,32018,31981,31913,31907,31879,31758,31714,31730,31678,31634,31630,31429,31377,31410,31543,31407,31301,31462,31528,31361,31239,31097,30995,30756,30741,30648,30739,30779,30847,31006,31179,31052,30959,30918,31143,31185,31132,31272,31598,31846,32130,32200
Sverige,Blekinge län,Sölvesborg,14887,15062,15210,15279,15405,15469,15576,15632,15750,15747,15811,15816,15733,15656,15624,15550,15560,15533,15604,15686,15782,15894,16008,16331,16414,16540,16562,16635,16543,16588,16576,16454,16448,16396,16351,16425,16544,16558,16615,16821,16840,16813,16810,16793,16808,16800,16959,17160,17437,17455
Sverige,Skåne län,Svalöv,12050,12064,12062,12125,12233,12252,12423,12546,12660,12809,12885,12936,12990,12903,12842,12758,12760,12653,12516,12544,12678,12707,12839,12960,12969,12945,12898,12871,12846,12846,12707,12617,12562,12553,12705,12833,12973,13012,13055,13143,13184,13290,13242,13250,13275,13332,13460,13655,13919,14025
Sverige,Skåne län,Staffanstorp,9461,9955,11107,11966,13027,14177,15187,15819,16270,16413,16420,16312,16368,16758,16967,17143,17323,17393,17431,17422,17427,17483,17427,17616,17844,18604,18872,19062,19184,19229,19291,19527,19815,19967,20110,20238,20394,20602,20840,21208,21667,21949,22259,22296,22534,22672,22994,23119,23600,24167
Sverige,Skåne län,Burlöv,11249,11143,11830,12538,12832,13628,13946,14112,14229,14127,13919,13983,14323,14476,14444,14236,14308,14314,14310,14401,14522,14558,14561,14498,14497,14397,14515,14641,14669,14561,14549,14683,15038,15264,15326,15257,15295,15320,15662,15952,16230,16509,16701,16843,17011,17114,17211,17430,17646,18073
Sverige,Skåne län,Vellinge,11547,12153,13112,14359,16334,18274,20672,21833,22244,22640,22997,23154,23190,23571,23927,24555,24995,25397,25919,26425,27074,27664,27876,28201,28494,29056,29269,29476,29641,29727,30023,30206,30516,30782,31087,31300,31596,31722,32270,32565,32843,33162,33303,33510,33615,33807,34110,34667,35257,35790
Sverige,Skåne län,Östra Göinge,14187,14340,14543,14581,14637,14745,14813,14942,15170,15315,15357,15502,15424,15343,15151,15038,14982,14879,14867,14917,14971,15011,15082,15043,15104,15120,15058,15061,14875,14726,14514,14322,14215,14108,14087,14047,13978,13991,13886,13828,13662,13526,13590,13603,13620,13687,13864,14102,14406,14715
Sverige,Skåne län,Örkelljunga,8512,8544,8731,8763,8795,8820,8832,8843,8913,9041,9093,9243,9306,9355,9301,9288,9303,9294,9262,9334,9446,9602,9661,9774,9729,9725,9691,9650,9631,9577,9499,9423,9428,9414,9419,9483,9500,9553,9529,9577,9592,9639,9631,9663,9655,9653,9733,9831,9958,10047
Sverige,Skåne län,Bjuv,12639,12928,13228,13312,13431,13655,14112,14192,14378,14570,14662,14680,14672,14529,14486,14357,14179,14107,14008,14005,14144,14215,14297,14311,14427,14286,14209,14199,14155,13939,13756,13702,13705,13659,13674,13810,13892,14007,14199,14470,14613,14813,14841,14851,14866,14801,14894,14962,15202,15429
Sverige,Skåne län,Kävlinge,13704,14031,14496,15141,16059,17104,18565,19239,19726,19950,20183,20432,20643,20702,20754,20891,20977,21154,21257,21508,21892,22571,23178,23599,23854,23994,24095,24169,24108,23975,24143,24185,24583,24958,25191,25539,26024,26704,27369,27746,28255,28638,29013,29261,29427,29600,29808,30104,30532,30959
Sverige,Skåne län,Lomma,10690,11276,12308,12964,14101,15032,15308,15404,15897,16319,16621,16658,16607,16663,16726,16852,16915,16835,16822,16898,16855,17085,17220,17099,17315,17485,17500,17576,17616,17683,17637,17858,18044,18129,18167,18311,18595,18854,19434,20023,20449,21065,21559,22017,22298,22496,22946,23324,23887,24264
Sverige,Skåne län,Svedala,9868,10117,10166,10355,10846,11602,12708,13244,13710,14641,15093,15358,15471,15750,16138,16470,16482,16741,16870,16996,17099,17132,17397,17715,17843,17991,18049,17915,17910,17827,17971,17935,17905,17938,18151,18269,18541,18716,18988,19149,19390,19625,19822,19805,19971,20067,20248,20462,20771,21074
Sverige,Skåne län,Skurup,10531,10517,10439,10513,10653,11005,11369,11789,11923,12136,12336,12552,12583,12720,12746,12823,12824,12668,12608,12689,12862,13093,13418,13767,13795,13789,13719,13680,13674,13696,13560,13638,13714,13873,13949,14099,14243,14415,14703,14788,14784,14867,14981,14946,14955,15025,15167,15149,15408,15642
Sverige,Skåne län,Sjöbo,13459,13400,13297,13320,13347,13729,13885,14050,14420,14537,14666,14942,15016,15075,15139,15130,15123,15157,15152,15217,15350,15695,16070,16302,16542,16639,16565,16571,16522,16487,16606,16542,16648,16781,17027,17199,17404,17501,17721,18015,18093,18153,18112,18143,18290,18401,18415,18514,18742,19071
Sverige,Skåne län,Hörby,11915,11851,11683,11659,11670,11728,11808,11871,11948,12375,12461,12539,12624,12686,12730,12782,12845,12915,12924,12891,13049,13192,13528,13748,13740,13722,13763,13798,13713,13728,13760,13773,13742,13774,13949,14051,14216,14274,14540,14584,14757,14762,14840,14901,14958,14917,14927,15020,15283,15552
Sverige,Skåne län,Höör,8820,8816,8871,8905,9083,9378,9587,10005,10160,10315,10462,10651,10902,11015,11233,11348,11495,11499,11597,11828,12107,12568,12893,13186,13308,13419,13626,13673,13711,13781,13765,13807,13976,14088,14169,14278,14520,14604,14777,14924,15039,15261,15460,15492,15526,15637,15770,15970,16192,16478
Sverige,Skåne län,Tomelilla,13240,13191,12976,12845,12807,12751,12667,12605,12633,12594,12597,12608,12664,12694,12523,12467,12389,12321,12218,12157,12241,12387,12442,12566,12569,12700,12619,12573,12552,12514,12453,12434,12372,12432,12447,12515,12561,12682,12719,12772,12816,12936,12914,12930,12917,12891,13007,13132,13330,13416
Sverige,Skåne län,Bromölla,10352,10582,10771,10772,10937,11123,11336,11384,11523,11538,11731,11966,12069,12099,12122,12143,12143,12162,12181,12248,12379,12465,12605,12742,12687,12657,12610,12437,12380,12242,12140,12115,12085,11992,12022,11994,12080,12098,12145,12181,12200,12285,12272,12366,12250,12336,12400,12513,12625,12699
Sverige,Skåne län,Osby,13724,13720,13732,13727,13715,13701,13742,13810,13774,13797,13763,13711,13765,13735,13689,13655,13633,13581,13522,13497,13617,13624,13742,13745,13735,13586,13617,13610,13440,13281,13100,12925,12742,12735,12637,12707,12625,12600,12634,12623,12648,12656,12724,12699,12637,12713,12828,12954,13149,13182
Sverige,Skåne län,Perstorp,7764,7882,7902,7775,7523,7498,7437,7407,7481,7402,7310,7463,7526,7376,7238,7415,7258,7185,7189,7259,7244,7463,7527,7570,7485,7456,7453,7346,7188,7051,6921,6808,6745,6697,6789,6805,6893,6886,6898,6930,6972,6983,7061,7159,7096,7139,7174,7211,7338,7335
Sverige,Skåne län,Klippan,16049,16127,16198,16220,16165,16118,16060,16263,16408,16427,16572,16639,16549,16495,16406,16389,16261,16099,16058,16105,16163,16232,16426,16458,16452,16274,16342,16351,16234,16087,15862,15660,15541,15488,15745,15963,15998,16048,16106,16254,16336,16382,16515,16601,16660,16715,16733,16917,17219,17462
Sverige,Skåne län,Åstorp,10417,10514,10630,10751,10902,11127,11277,11486,12051,12449,12704,12902,12946,12978,12910,12785,12638,12693,12667,12750,12939,12989,13123,13166,13169,13165,13197,13257,13083,12960,12908,12799,12873,12930,13150,13326,13389,13541,13885,14233,14533,14667,14737,14789,14806,14927,15061,15193,15528,15828
Sverige,Skåne län,Båstad,10384,10452,10456,10545,10675,10828,10977,11160,11329,11439,11643,11849,12091,12166,12224,12307,12453,12578,12603,12779,12962,13281,13577,13833,14042,14047,14090,14098,14194,14244,14158,14189,14090,14011,14009,14088,14022,14044,14170,14242,14203,14269,14278,14230,14263,14275,14419,14373,14614,14796
Sverige,Skåne län,Malmö,259923,262321,264563,263288,258033,251431,246647,243591,240220,238454,236716,235111,233803,231532,230381,229380,229107,229936,230056,230838,231575,232908,233887,234796,236684,237438,242706,245699,248007,251408,254904,257574,259579,262397,265481,267171,269142,271271,276244,280801,286535,293909,298963,302835,307758,312994,318107,322574,328494,333633
Sverige,Skåne län,Lund,64790,67080,69073,71042,73344,74168,75468,76284,76536,76970,77550,78003,78487,79099,79744,80458,81199,82015,83391,84342,85150,86412,87681,89598,92027,94234,95895,96557,97208,97638,97975,98312,98948,99622,100402,100995,101423,102257,103286,105286,107351,109147,110488,111666,112950,114291,115968,116834,118542,121274
Sverige,Skåne län,Landskrona,36800,36974,37690,37901,38082,37960,38059,38409,37952,37850,37438,37027,36493,36240,35984,35656,35350,35302,35284,35371,35393,35836,36340,36458,36153,36336,37715,37868,37700,37347,37254,37336,37728,38297,38475,38658,39039,39346,40018,40419,40860,41226,41724,42189,42560,43073,43574,43961,44611,45286
Sverige,Skåne län,Helsingborg,98272,99521,100396,100815,100879,101238,102137,101685,101323,101105,101046,101370,101956,102119,102952,103870,104689,105468,106275,106982,107443,108359,109267,109907,110614,111853,113411,114339,114866,115418,116337,116870,117737,118512,119406,120154,121179,122062,123389,124986,126754,128359,129177,130626,132011,132989,135344,137909,140547,143304
Sverige,Skåne län,Höganäs,18639,18875,19014,19403,19690,20181,20762,21267,21395,21936,22060,22130,22111,22186,22189,22197,22232,22212,22124,22172,22302,22528,22654,22962,23039,22874,22990,22854,22851,22722,22612,22658,22639,22733,22790,23003,23135,23482,23857,24065,24248,24480,24637,24698,24863,25084,25298,25610,25847,26193
Sverige,Skåne län,Eslöv,25153,25797,26169,26394,26348,26172,26125,26288,26480,26792,26932,26939,26829,26865,26692,26481,26356,26340,26296,26566,27097,27261,27780,28195,28215,28271,28482,28543,28525,28500,28299,28212,28487,28703,28985,29400,29740,30087,30437,30775,31123,31269,31587,31728,31744,31920,32179,32438,32878,33236
Sverige,Skåne län,Ystad,24141,24152,24039,23888,23882,23831,23792,23693,23723,23789,23862,23883,23773,23822,23994,23901,23910,23900,24028,24186,24484,24761,24999,25259,25457,25648,25699,25752,25949,25835,26058,26185,26182,26235,26383,26655,26898,27120,27398,27719,27870,28109,28338,28427,28558,28623,28771,28985,29448,29848
Sverige,Skåne län,Trelleborg,35618,35971,36044,36132,35705,35203,35001,34748,34488,34389,34429,34473,34445,34267,34268,34146,34071,34134,34207,34362,34846,35333,35997,36580,36879,37141,37437,37779,37911,38037,38146,38226,38429,38576,38759,39110,39477,39830,40320,41019,41558,41891,42219,42542,42605,42837,42973,43359,43913,44595
Sverige,Skåne län,Kristianstad,64250,64655,65255,65796,66197,66714,67229,67499,67598,67922,68152,68675,68883,68923,69197,69354,69581,69752,69941,70180,70491,71123,71750,72154,72789,72985,73543,73786,73726,73794,73854,73897,74161,74518,74951,75294,75592,75915,76540,77245,77977,78788,79543,79930,80507,81009,81826,82510,83191,84151
Sverige,Skåne län,Simrishamn,20793,20630,20361,20230,20083,20039,20011,20103,20055,20086,20199,20211,20303,20289,20279,20245,20018,19887,19773,19745,19709,19933,20088,20300,20376,20414,20435,20259,20065,19844,19697,19511,19303,19381,19406,19499,19470,19425,19418,19306,19356,19328,19297,19147,18997,18951,18905,19065,19485,19376
Sverige,Skåne län,Ängelholm,25843,25921,26009,26317,26816,27142,27751,28173,28432,28804,29050,29397,29813,30192,30420,30580,31071,31477,31938,32443,32998,33750,34149,34782,35238,35658,36092,36491,36553,36638,36921,37054,37312,37505,37706,37859,38140,38347,38682,38749,38854,39083,39394,39626,39742,39866,40229,40732,41336,41786
Sverige,Skåne län,Hässleholm,45927,46309,46602,47013,47366,47593,47992,48339,48574,48573,48812,48751,48854,49007,48839,48714,48600,48446,48390,48493,48658,48794,49106,49335,49618,49458,49824,49790,49681,49261,49046,48803,48580,48519,48536,48787,48945,49148,49381,49780,50006,50036,50107,50164,50163,50227,50565,51048,51667,52003
Sverige,Hallands län,Hylte,10961,10997,10990,10999,11192,11209,11127,11152,11266,11210,11219,11162,11211,11147,11114,11038,10921,10841,10858,10811,10800,11001,11143,11110,11104,11071,11180,10963,10869,10673,10559,10485,10479,10493,10401,10377,10432,10368,10371,10257,10273,10277,10177,10126,10032,10001,10278,10514,10954,10990
Sverige,Hallands län,Halmstad,68654,69494,70616,71257,71862,72574,73582,74292,74718,74990,75290,75663,76042,76191,76355,76572,76971,77151,77601,77942,78607,79362,80061,80560,81084,82103,83080,83488,83549,84005,84538,84814,85200,85742,86585,87372,87929,88224,88958,89727,90241,91087,91800,92294,93231,94084,95532,96952,98538,99752
Sverige,Hallands län,Laholm,18834,18749,18683,18784,18913,19153,19486,19830,20354,20542,20780,21042,21059,21248,21320,21397,21404,21462,21490,21685,21881,22198,22661,22811,23021,23001,23074,23120,23021,22882,22847,22732,22747,22749,22750,22883,22955,23037,23153,23189,23258,23345,23390,23470,23458,23517,23781,24195,24664,25147
Sverige,Hallands län,Falkenberg,31255,31535,31804,32119,32183,32403,32720,33102,33553,33877,34174,34610,34912,35183,35339,35452,35523,35596,35822,36095,36536,37081,37622,37988,38285,38624,38992,38950,39010,39112,39061,38894,38817,38720,38896,39145,39438,39605,39874,40164,40451,40739,41008,41304,41423,41912,42433,42949,43867,44195
Sverige,Hallands län,Varberg,36825,37620,38955,40360,41391,42210,42674,43051,43302,43548,43671,43829,44164,44619,45035,45367,45828,46253,46639,47040,47566,48193,49018,49880,50465,50911,51412,51902,52134,52367,52392,52516,52648,53072,53346,53892,54338,54817,55459,56114,56673,57439,58084,58576,59186,59936,60422,61030,61868,62755
Sverige,Hallands län,Kungsbacka,25077,27151,29007,30329,32735,34941,36729,38353,39792,40865,42041,42905,43536,44327,45176,46493,47700,48760,49840,50804,52027,53124,54220,55525,57213,58897,60329,60915,61477,62286,63142,64096,65113,65877,66573,67653,68696,69817,71044,71942,72676,73938,75025,75954,76786,77390,78219,79144,80442,81986
Sverige,Västra Götalands län,Härryda,13511,14296,16003,17354,18792,19615,20094,20741,21424,21855,22327,22948,23195,23457,24037,24416,24638,24784,25068,25562,26151,26433,26541,27256,27930,28242,28521,28612,28742,29131,29473,29842,30276,30547,30844,31208,31676,32049,32395,32969,33580,34007,34463,34854,35223,35732,36291,36651,37108,37412
Sverige,Västra Götalands län,Partille,22980,24687,24588,25267,26274,26970,27154,27151,27146,26924,26923,26882,27172,27482,27784,28118,28681,29232,29418,29604,30100,30533,30420,30534,31055,31502,31901,32206,32349,32705,32709,33000,33124,33142,33088,33192,33281,33543,33614,33699,33802,34382,35084,35518,35837,36147,36528,36977,37316,37880
Sverige,Västra Götalands län,Öckerö,8181,8360,8478,8647,8840,8983,9140,9219,9404,9568,9667,9767,9842,9874,9916,10006,10102,10260,10364,10434,10553,10790,11008,11208,11323,11440,11502,11590,11669,11659,11692,11781,11827,11877,11981,12081,12147,12231,12229,12256,12250,12292,12449,12487,12539,12574,12645,12682,12773,12923
Sverige,Västra Götalands län,Stenungsund,11324,11908,12546,13110,13476,13801,14272,14617,14836,15155,15569,15819,16091,16439,16440,16545,16864,17034,17271,17516,17792,18139,18640,19064,19415,19583,19869,19852,19941,20002,20001,20277,20679,21175,21755,22291,22742,22947,23190,23389,23657,23983,24292,24601,24868,24932,25275,25508,25815,26224
Sverige,Västra Götalands län,Tjörn,8959,9103,9334,9452,9830,10075,10407,10618,10934,11208,11400,11552,11701,11842,12005,12241,12425,12482,12663,12928,13248,13712,13919,14088,14408,14602,14650,14602,14623,14680,14709,14734,14733,14797,14826,14891,15019,15022,14954,14944,14963,14961,14955,14959,14974,15050,15135,15315,15584,15790
Sverige,Västra Götalands län,Orust,8814,8847,8907,9046,9382,9760,10135,10586,11177,11535,11865,12180,12364,12511,12639,12732,12909,12890,13038,13132,13475,13947,14240,14738,14929,15025,15175,15235,15175,15085,15133,15056,15023,15087,15113,15160,15160,15188,15185,15373,15327,15308,15221,15129,15083,15036,15054,15010,15093,15108
Sverige,Västra Götalands län,Sotenäs,9435,9407,9358,9323,9252,9262,9221,9133,9069,9036,9089,9182,9252,9255,9293,9210,9208,9136,9224,9274,9407,9699,9732,9877,9905,9852,9800,9830,9729,9655,9625,9614,9621,9584,9467,9359,9336,9311,9283,9280,9170,9112,9052,9007,9004,8928,8931,9006,9065,9073
Sverige,Västra Götalands län,Munkedal,9784,9753,9704,9765,9913,10070,10178,10210,10342,10445,10565,10684,10703,10745,10771,10778,10734,10726,10790,10796,10923,11032,11147,11134,11087,11070,11123,11078,10853,10737,10633,10568,10532,10504,10434,10405,10318,10284,10246,10256,10245,10246,10181,10223,10173,10205,10243,10205,10361,10423
Sverige,Västra Götalands län,Tanum,10930,10857,10837,10823,10816,10870,10958,11058,11082,11244,11351,11447,11463,11465,11430,11451,11506,11473,11407,11421,11648,11912,12068,12203,12366,12443,12362,12306,12216,12152,12111,12069,12105,12116,12210,12288,12317,12252,12253,12246,12271,12253,12370,12320,12270,12303,12346,12455,12606,12763
Sverige,Västra Götalands län,Dals-Ed,4976,4996,4986,5026,5101,5118,5197,5252,5298,5280,5286,5305,5287,5263,5297,5300,5341,5362,5410,5362,5366,5422,5416,5415,5308,5412,5345,5287,5172,5133,5045,4974,5047,5040,5044,5014,4941,4891,4900,4835,4788,4729,4692,4679,4665,4740,4764,4799,4777,4763
Sverige,Västra Götalands län,Färgelanda,6421,6371,6285,6397,6588,6825,6858,6903,6995,7127,7247,7325,7373,7469,7458,7469,7422,7411,7418,7461,7485,7554,7580,7564,7562,7529,7464,7420,7328,7269,7177,7086,7020,6956,6939,6841,6886,6824,6779,6770,6744,6691,6654,6606,6549,6520,6502,6495,6627,6592
Sverige,Västra Götalands län,Ale,15966,16715,17566,18355,19297,20558,21537,21980,22132,22652,22865,22884,23312,23373,23515,23562,23486,23412,23402,23492,23528,23853,24071,24517,25029,25204,25356,25377,25316,25338,25292,25329,25421,25593,25835,25993,26288,26405,26800,27092,27323,27394,27442,27577,27842,28074,28423,28862,29549,30223
Sverige,Västra Götalands län,Lerum,20321,21831,23520,24953,26199,27288,27665,28162,28835,28982,29346,29574,29871,30098,30342,30726,30898,31063,31403,31751,32353,32627,33206,33548,33800,34041,34550,34610,34775,34805,35064,35116,35214,35322,35558,35890,36224,36506,37092,37711,38085,38301,38580,38788,39070,39319,39771,40181,40692,41510
Sverige,Västra Götalands län,Vårgårda,7744,7791,7809,7845,7907,8003,8178,8370,8570,8744,8931,9124,9256,9377,9403,9456,9459,9481,9497,9619,9759,9889,10147,10354,10468,10574,10631,10730,10706,10724,10705,10736,10714,10677,10668,10692,10680,10756,10896,10988,10976,10967,10943,10994,11030,11065,11089,11165,11295,11490
Sverige,Västra Götalands län,Bollebygd,0,0,0,0,0,0,0,0,0,0,0,0,0,0,0,0,0,0,0,0,0,0,0,0,0,0,8038,7973,7898,7924,7912,7894,7884,7890,7831,7891,7973,8086,8179,8193,8232,8253,8375,8356,8507,8562,8652,8799,9102,9262
Sverige,Västra Götalands län,Grästorp,5382,5370,5288,5275,5273,5259,5241,5259,5345,5424,5480,5528,5719,5701,5767,5824,5831,5892,5878,5927,6076,6172,6117,6152,6174,6154,6114,6144,6086,6040,5985,5970,5924,5900,5848,5835,5794,5762,5809,5831,5851,5857,5776,5674,5639,5641,5630,5644,5721,5750
Sverige,Västra Götalands län,Essunga,5859,5789,5784,5710,5710,5708,5719,5710,5724,5809,5988,6065,6061,6051,5973,5971,5906,5850,5845,5886,5912,5980,6029,6028,6132,6100,6101,6005,5934,5896,5857,5847,5835,5818,5757,5736,5750,5717,5651,5638,5625,5601,5564,5493,5502,5494,5538,5590,5620,5647
Sverige,Västra Götalands län,Karlsborg,8694,8487,8430,8330,8259,8251,8196,8157,8180,8223,8274,8246,8236,8312,8224,8167,8087,8038,8070,8049,8064,8040,8085,8092,8078,7843,7664,7645,7561,7433,7322,7198,7100,7038,6967,6923,6905,6898,6880,6850,6790,6784,6752,6722,6699,6757,6786,6764,6913,6954
Sverige,Västra Götalands län,Gullspång,6871,6938,7023,6959,6978,7042,6928,6923,6881,6872,6800,6771,6685,6627,6579,6541,6461,6433,6349,6276,6267,6358,6448,6491,6440,6490,6602,6406,6377,6253,6119,5974,5911,5866,5765,5726,5653,5595,5506,5425,5371,5335,5291,5251,5221,5185,5240,5229,5307,5280
Sverige,Västra Götalands län,Tranemo,11470,11544,11587,11596,11590,11640,11732,11786,11933,11990,12067,12325,12413,12427,12428,12342,12331,12233,12110,12144,12218,12381,12462,12473,12474,12552,12427,12354,12160,12073,12124,12026,12037,12016,11988,11887,11894,11804,11742,11750,11721,11622,11587,11606,11573,11531,11640,11619,11776,11841
Sverige,Västra Götalands län,Bengtsfors,12582,12528,12443,12440,12415,12352,12427,12345,12335,12254,12269,12250,12199,12134,12077,12058,11962,11891,11796,11738,11836,11920,11927,11805,11699,11636,11614,11500,11384,11290,11204,11032,10896,10685,10516,10436,10335,10225,10080,9957,9897,9841,9791,9680,9588,9550,9556,9626,9940,9905
Sverige,Västra Götalands län,Mellerud,10777,10698,10601,10524,10465,10432,10440,10421,10499,10508,10593,10655,10677,10683,10576,10576,10532,10464,10416,10412,10455,10506,10512,10554,10519,10548,10623,10463,10332,10206,10065,9999,9902,9781,9807,9792,9728,9638,9623,9553,9442,9261,9179,9068,8946,8892,8936,9169,9323,9377
Sverige,Västra Götalands län,Lilla Edet,9686,9826,10065,10222,10393,10606,10931,11229,11358,11480,11601,11717,11836,11862,11845,11865,11939,11971,12009,12241,12615,12791,12939,13102,13204,13268,13311,13288,13256,13213,12984,12917,12944,12912,13010,12983,12902,12889,12836,12835,12831,12773,12578,12540,12580,12829,13031,13178,13728,13961
Sverige,Västra Götalands län,Mark,28339,28756,29000,29051,29402,29738,29964,30217,30344,30590,30998,31204,31418,31299,31386,31573,31748,31708,31736,31974,32146,32597,33070,33288,33402,33500,33577,33583,33513,33283,33127,33024,32951,32954,33015,33218,33356,33494,33594,33729,33807,33821,33845,33791,33763,33753,33887,33906,34218,34484
Sverige,Västra Götalands län,Svenljunga,9693,9775,9723,9747,9802,9872,9989,10165,10305,10464,10595,10828,10989,11087,11069,11032,10985,10888,10842,10928,11004,11158,11190,11304,11303,11316,11207,11181,10995,10933,10818,10636,10609,10536,10529,10445,10468,10430,10405,10431,10313,10291,10288,10282,10239,10299,10365,10506,10679,10659
Sverige,Västra Götalands län,Herrljunga,9082,9117,9027,8949,8931,8924,8895,8833,8938,9036,9086,9210,9347,9327,9309,9311,9329,9281,9281,9360,9473,9583,9645,9749,9744,9823,9768,9724,9705,9618,9536,9456,9447,9471,9486,9440,9417,9305,9243,9304,9280,9348,9314,9284,9282,9274,9376,9349,9486,9485
Sverige,Västra Götalands län,Vara,17396,17283,17101,17047,16945,16874,16765,16717,16674,16908,16961,16983,16932,16912,17054,16938,16888,16787,16687,16746,16787,16887,16997,17065,17047,16965,16981,16844,16725,16485,16339,16255,16044,16050,16009,15995,16026,16008,15961,16008,15868,15771,15762,15694,15557,15609,15597,15662,15788,15942
Sverige,Västra Götalands län,Götene,11928,11890,11910,11964,12127,12169,12200,12303,12446,12468,12636,12742,12854,12949,13038,13093,13086,13091,13030,13075,13144,13333,13498,13543,13662,13873,13863,13718,13614,13500,13255,13095,13016,12970,12983,12992,12950,12879,12959,13056,13085,13186,13223,13134,13092,13028,13080,13160,13275,13242
Sverige,Västra Götalands län,Tibro,9966,10039,10191,10373,10509,10610,10853,10997,11038,11174,11201,11200,11214,11207,11215,11204,11136,11111,11066,11007,11044,11120,11188,11202,11249,11180,11241,11218,11029,10943,10781,10641,10576,10627,10624,10640,10572,10581,10671,10611,10662,10611,10560,10625,10673,10754,10864,10980,11070,11110
Sverige,Västra Götalands län,Töreboda,10544,10381,10192,10131,10167,10130,10180,10231,10304,10430,10456,10420,10393,10403,10375,10378,10257,10204,10172,10212,10292,10444,10481,10434,10432,10511,10420,10425,10263,10081,9828,9626,9642,9490,9426,9412,9445,9470,9368,9376,9256,9255,9113,9063,9009,8992,9072,9293,9435,9414
Sverige,Västra Götalands län,Göteborg,456057,459082,465527,464531,456501,449470,445704,444651,442410,440082,436985,434699,431273,428171,425875,424186,424085,425495,429339,431521,430763,431840,433042,432112,433811,437313,444553,449189,454016,456611,459593,462470,466990,471267,474921,478055,481410,484942,489757,493502,500197,507330,513751,520374,526089,533271,541145,548190,556640,564039
Sverige,Västra Götalands län,Mölndal,41634,43471,44769,45528,46311,46647,47135,47295,46937,47267,47536,47692,47788,48088,48289,48327,49063,49785,50164,50549,51106,51767,52028,52048,52423,53292,53859,54254,54492,54743,55224,55558,56137,56743,57079,57523,57752,58234,58938,59430,59812,60381,60973,61337,61659,61978,62927,63340,64465,66121
Sverige,Västra Götalands län,Kungälv,22538,23441,24242,25938,26995,27351,27787,28311,28324,28907,29312,29663,29702,30127,30535,30915,31209,31745,31962,32186,32549,33153,33772,34410,34780,35372,35918,36251,36356,36560,36615,36767,37191,37601,37912,38154,38257,38703,38899,39649,40268,40727,41241,41538,41753,42109,42334,42730,43289,44110
Sverige,Västra Götalands län,Lysekil,13595,13733,13766,13861,14004,14547,15047,15076,15136,15159,15066,15063,15037,14994,15003,15056,14971,14869,14804,14851,14968,15071,15197,15323,15367,15401,15550,15491,15382,15227,15165,14993,14848,14792,14801,14798,14767,14657,14631,14633,14659,14535,14521,14398,14396,14369,14299,14464,14570,14621
Sverige,Västra Götalands län,Uddevalla,47646,47755,47725,47502,47264,47056,46904,46861,46668,46483,46294,46139,46032,46065,46053,45827,45703,45816,45983,46257,46489,46988,47345,47668,48178,48431,48859,49003,49167,49001,48969,48816,48971,49255,49683,49871,50068,50314,50507,50921,51186,51518,51868,52156,52530,53025,53517,54180,55164,55763
Sverige,Västra Götalands län,Strömstad,9760,9735,9558,9494,9428,9377,9455,9485,9485,9486,9520,9525,9580,9607,9768,9843,9980,10001,10058,10294,10457,10656,10846,10887,10872,10870,10952,10876,10928,10891,10917,11026,11102,11221,11218,11233,11373,11507,11569,11558,11607,11690,11808,12010,12295,12480,12694,12854,13079,13218
Sverige,Västra Götalands län,Vänersborg,31938,32033,32531,32555,33036,33772,34394,34365,34458,34572,34697,34613,34574,34767,34966,35246,35540,35702,35804,35948,36151,36507,36628,36734,36452,36463,36691,36477,36251,36291,36486,36605,36589,36795,37025,37101,37105,36951,37023,36939,36991,36871,36857,36962,36968,37369,37890,38381,38955,39151
Sverige,Västra Götalands län,Trollhättan,46239,47762,48626,48864,49275,49428,49607,50225,50791,50311,49947,49846,49600,49192,48773,48592,48922,49173,49499,49914,50296,50602,51047,51217,51673,51729,52275,52482,52338,52406,52795,52879,52891,52823,52937,52920,53154,53302,53830,54300,54487,54873,55248,55499,55749,56573,56929,57092,57753,58238
Sverige,Västra Götalands län,Alingsås,26071,26350,26529,26633,26741,26954,27509,27796,28172,28519,28698,29109,29637,29979,30355,30758,31074,31394,31718,32051,32402,33043,33626,33936,34088,34212,34525,34758,34775,34824,34930,34963,35153,35257,35327,35530,35761,36010,36481,36739,37247,37515,37796,38053,38355,38619,39188,39602,40045,40390
Sverige,Västra Götalands län,Borås,105474,106976,107562,106892,106540,106287,105559,105177,104415,104151,103387,102914,102129,101673,100715,100184,99945,99963,100054,100395,100795,101231,101766,102387,102840,103367,96123,96139,96246,96214,96106,96342,96883,97347,98150,98505,98886,99325,100221,100985,101487,102458,103294,104106,104867,105995,107022,108488,109880,111026
Sverige,Västra Götalands län,Ulricehamn,21145,21257,21264,21142,21229,21337,21432,21451,21434,21610,21716,21817,21970,22090,22188,22181,22145,22086,22114,22264,22405,22571,22738,22846,22968,22917,22864,22793,22661,22480,22344,22286,22284,22257,22299,22319,22342,22381,22436,22542,22706,22753,22838,22996,23015,23211,23244,23494,23887,24296
Sverige,Västra Götalands län,Åmål,13320,13356,13437,13392,13264,13280,13289,13349,13380,13381,13499,13540,13564,13438,13408,13313,13267,13215,13129,13075,13130,13281,13421,13466,13388,13346,13378,13385,13263,13103,13041,12908,12840,12770,12829,12854,12823,12737,12716,12589,12545,12434,12295,12226,12211,12229,12326,12601,12801,12711
Sverige,Västra Götalands län,Mariestad,23814,24436,24805,24596,24432,24563,24619,24686,24565,24706,24577,24377,24413,24253,24247,24151,24178,24175,24255,24465,24508,24617,24682,24847,24714,24764,24774,24700,24455,24261,24020,23949,23800,23725,23743,23847,23897,23895,23933,23871,23825,23799,23741,23732,23739,23870,23921,24043,24215,24290
Sverige,Västra Götalands län,Lidköping,34408,34783,34916,34884,34903,34695,34664,34625,34617,34687,34812,35005,35061,35127,35231,35202,35229,35212,35070,35082,35168,35457,35801,36097,36289,36417,36627,36769,36834,36827,36833,36891,36802,36808,36941,37125,37241,37380,37526,37773,37922,37989,38048,38183,38254,38414,38761,39009,39235,39506
Sverige,Västra Götalands län,Skara,16606,16787,16899,16979,17151,17240,17291,17321,17264,17337,17495,17620,17868,17897,17889,17887,17933,18023,18164,18283,18402,18585,18689,18759,18700,18736,18727,18845,18666,18592,18492,18341,18305,18324,18311,18360,18507,18578,18595,18544,18518,18455,18314,18220,18281,18580,18747,18711,18979,18843
Sverige,Västra Götalands län,Skövde,42275,42741,43586,44081,44647,45416,45453,45357,45665,45811,45734,45847,46007,46012,45956,46009,46273,46431,46311,46438,46712,47181,47529,47900,48460,48757,49164,49432,49643,49437,49437,49178,49313,49083,49405,49741,49856,49980,50153,50197,50610,50984,51402,51761,52212,52859,53134,53555,54133,54975
Sverige,Västra Götalands län,Hjo,7353,7357,7343,7237,7277,7380,7512,7682,7880,8061,8277,8555,8740,8778,8870,8923,8938,8974,8987,9031,8952,9060,9136,9311,9285,9207,9249,9201,9078,9009,8928,8801,8787,8827,8845,8844,8822,8849,8853,8809,8809,8859,8841,8790,8832,8805,8885,8983,9048,9093
Sverige,Västra Götalands län,Tidaholm,12783,12768,12694,12752,12857,12932,12918,12965,12997,13049,13092,13126,13069,13046,13069,12994,13048,13027,12951,12957,13048,13115,13283,13277,13261,13296,13364,13249,13217,13099,12874,12833,12694,12620,12585,12575,12543,12535,12653,12651,12693,12632,12572,12569,12556,12565,12617,12669,12797,12827
Sverige,Västra Götalands län,Falköping,32925,32732,32643,32546,32381,32411,32599,32513,32355,32175,32101,32061,31875,31870,31834,31675,31565,31448,31477,31484,31532,31722,31994,32049,31952,31905,32118,32001,31820,31789,31524,31331,31007,30921,30896,30981,31148,31185,31240,31311,31349,31419,31513,31689,31689,31988,32185,32511,32806,33077
Sverige,Värmlands län,Kil,7938,8100,8292,8549,8850,9116,9455,9965,10435,10737,10885,10987,11171,11327,11433,11479,11427,11432,11474,11657,11750,11949,12221,12321,12316,12338,12283,12205,12213,12046,12025,11937,11912,11924,11892,11891,11844,11813,11803,11748,11674,11717,11706,11682,11782,11810,11885,11802,11800,11910
Sverige,Värmlands län,Eda,10148,10099,9992,9946,9851,9725,9698,9663,9567,9477,9493,9497,9518,9499,9398,9404,9494,9392,9334,9332,9481,9544,9555,9570,9476,9344,9297,9133,9015,8884,8781,8689,8664,8649,8670,8662,8646,8601,8670,8649,8653,8577,8524,8460,8496,8426,8453,8505,8526,8618
Sverige,Värmlands län,Torsby,17531,17167,16896,16682,16456,16282,16152,16072,15952,15817,15749,15647,15601,15565,15533,15437,15325,15137,15018,14947,15030,15073,15105,15076,15055,14981,14797,14660,14556,14346,14142,13943,13725,13552,13404,13311,13086,12960,12946,12878,12707,12508,12414,12312,12219,12013,11992,11910,12169,11890
Sverige,Värmlands län,Storfors,5762,5638,5617,5485,5415,5349,5367,5274,5316,5258,5377,5424,5508,5539,5563,5507,5411,5333,5302,5269,5312,5298,5299,5277,5230,5293,5316,5147,5043,4971,4872,4807,4725,4643,4605,4559,4569,4542,4526,4495,4383,4363,4273,4218,4150,4131,4106,4032,4046,4123
Sverige,Värmlands län,Hammarö,10607,10630,10693,10589,10854,10791,10656,10777,10976,11155,11460,11870,12129,12232,12415,12559,12535,12888,13102,13247,13342,13389,13468,13639,13871,14163,14296,14236,14170,14156,14189,14141,14162,14121,14237,14307,14390,14374,14489,14547,14655,14833,14926,14943,15061,15136,15256,15420,15725,16174
Sverige,Värmlands län,Munkfors,5826,5783,5709,5621,5564,5513,5510,5483,5444,5353,5300,5223,5132,5059,5008,4945,4889,4809,4737,4704,4771,4823,4816,4799,4745,4726,4684,4658,4558,4484,4344,4204,4162,4138,4086,4075,4039,3995,3936,3880,3814,3793,3771,3702,3642,3656,3656,3663,3738,3763
Sverige,Värmlands län,Forshaga,9425,9416,9490,9689,9904,10398,10732,11224,11520,11887,12012,12026,12019,11953,11891,11790,11697,11583,11636,11688,11739,11839,11913,12062,12401,12338,12172,12001,11936,11887,11775,11651,11589,11485,11474,11452,11460,11515,11466,11444,11415,11401,11266,11229,11311,11292,11379,11379,11451,11509
Sverige,Värmlands län,Grums,10128,10305,10355,10518,10731,10818,10716,10872,10897,10919,10985,10928,10805,10794,10724,10560,10420,10224,10180,10173,10126,10199,10274,10334,10339,10342,10345,10304,10112,9942,9825,9673,9551,9418,9312,9379,9423,9408,9332,9302,9250,9142,9091,9017,8939,8925,8958,8945,9063,9011
Sverige,Värmlands län,Årjäng,10159,10030,9995,9893,9764,9766,9803,9825,9813,9791,9743,9783,9805,9749,9676,9759,9866,9829,9762,9857,10050,10147,10235,10123,10114,10121,9997,9897,9832,9819,9826,9784,9790,9803,9743,9737,9799,9800,9821,9877,9952,9915,9855,9827,9864,9953,9804,9869,9958,9948
Sverige,Värmlands län,Sunne,14422,14251,14044,13819,13696,13671,13626,13618,13591,13495,13416,13376,13344,13281,13222,13185,13147,13112,13169,13194,13245,13485,13564,13827,13957,14013,13938,13971,13836,13747,13665,13613,13619,13551,13573,13586,13604,13586,13591,13566,13473,13345,13255,13142,13102,13011,13099,13208,13425,13331
Sverige,Värmlands län,Karlstad,70908,71497,72456,72761,72513,72234,72564,72369,72677,72975,73619,73904,74068,74008,73810,73939,74324,74439,74669,74892,75412,76120,76467,76908,77290,77822,78915,79468,79469,79559,79664,79985,80323,80748,80934,81343,81768,82096,82878,83641,83994,84736,85753,86409,86929,87786,88350,89245,90198,91120
Sverige,Värmlands län,Kristinehamn,27641,27651,27851,27719,27570,27625,27617,27811,27536,27477,27269,27166,26977,26715,26624,26565,26356,26107,25968,26061,26006,26006,25865,25904,25954,25923,26074,25738,25592,25352,25057,24731,24297,23969,23963,23946,23990,23899,23848,23906,23958,23963,23808,23698,23729,23949,24114,24270,24671,24650
Sverige,Värmlands län,Filipstad,16565,16388,16238,15996,15780,15697,15580,15513,15364,15198,15005,14811,14606,14485,14347,14123,13910,13709,13520,13500,13481,13470,13341,13296,13227,13152,13009,12713,12507,12316,12104,11893,11598,11389,11178,11121,11081,11017,10952,10782,10682,10626,10562,10514,10549,10563,10613,10625,10960,10783
Sverige,Värmlands län,Hagfors,19860,19527,19528,19475,19265,18934,18773,18597,18456,18300,18058,17782,17511,17322,17074,16843,16688,16482,16371,16298,16346,16260,16121,16034,15862,15879,15554,15407,15136,14828,14562,14400,14059,13923,13797,13648,13496,13337,13127,12993,12804,12636,12480,12282,12170,12071,11921,11824,11917,11782
Sverige,Värmlands län,Arvika,27580,27419,27296,27387,27376,27356,27404,27446,27299,27277,27100,26962,26891,26827,26771,26654,26616,26558,26521,26532,26668,26803,26887,27057,27023,27035,27010,26919,26720,26643,26490,26353,26188,26192,26262,26302,26275,26265,26131,26250,26176,26100,26034,25907,25829,25817,25771,25841,26054,26060
Sverige,Värmlands län,Säffle,20155,20138,20234,20117,20088,19971,19823,19740,19686,19592,19421,19229,18985,18820,18626,18456,18394,18149,18098,18051,17935,17970,17979,17960,17831,17750,17811,17554,17452,17198,16992,16796,16639,16428,16289,16244,16077,16080,15973,15868,15784,15602,15547,15394,15308,15276,15334,15366,15633,15727
Sverige,Örebro län,Lekeberg,0,0,0,0,0,0,0,0,0,0,0,0,0,0,0,0,0,0,0,0,0,0,0,0,0,0,7103,7054,7055,7089,7064,7002,7008,7033,7027,7040,7061,7081,7096,7097,7111,7123,7134,7223,7298,7289,7363,7492,7636,7868
Sverige,Örebro län,Laxå,9334,9454,9536,9296,9087,8880,8781,8664,8837,8824,8757,8721,8662,8516,8351,8212,8102,7972,7933,7885,7792,7770,7622,7487,7342,7351,7256,7065,6964,6812,6803,6770,6699,6577,6471,6366,6267,6136,6046,5922,5870,5786,5686,5622,5552,5580,5664,5656,5709,5643
Sverige,Örebro län,Hallsberg,16751,16779,16836,16659,16518,16533,16611,16643,16729,16911,17180,17193,17246,17317,17244,17027,16828,16699,16479,16403,16405,16573,16735,16810,16629,16610,16571,16397,16278,16232,15951,15775,15685,15627,15651,15589,15401,15315,15287,15268,15256,15235,15275,15248,15283,15267,15315,15509,15649,15932
Sverige,Örebro län,Degerfors,11634,11882,11840,11722,11763,11753,12005,12153,12166,12231,12255,12239,12246,12227,12253,12143,12014,11912,11787,11739,11734,11764,11701,11676,11630,11698,11560,11396,11225,11079,10907,10746,10544,10433,10306,10181,10106,10093,10014,9903,9839,9709,9641,9551,9477,9500,9531,9543,9609,9668
Sverige,Örebro län,Hällefors,11723,11700,11836,11725,11601,11431,11382,11219,11130,10994,10830,10702,10576,10396,10247,10093,9974,9839,9695,9449,9402,9390,9346,9199,9026,8992,8909,8710,8565,8424,8252,8095,8025,7879,7794,7712,7688,7627,7539,7475,7361,7333,7220,7140,6988,6982,6936,7032,7138,7109
Sverige,Örebro län,Ljusnarsberg,7700,7550,7433,7404,7327,7303,7237,7209,7135,7089,7068,7021,7006,7002,6927,6869,6787,6644,6526,6428,6356,6464,6488,6487,6478,6386,6383,6261,6129,6001,5859,5755,5651,5536,5482,5415,5389,5317,5243,5188,5129,5055,4931,4870,4848,4875,4913,4928,5006,4942
Sverige,Örebro län,Örebro,114619,116157,117696,118484,118236,117835,117560,117837,117383,117036,116817,116877,116969,116887,117367,117473,117569,118043,118443,119066,119824,120353,120944,122042,123188,124164,118606,119635,120774,121755,122641,123503,124207,124873,125520,126288,126982,127733,128977,130429,132277,134006,135460,137121,138952,140599,142618,144200,146631,150291
Sverige,Örebro län,Kumla,16253,16290,16241,16255,16430,16694,16842,16939,17346,17624,17662,17710,17760,17861,17790,17851,17806,17786,17718,17780,17884,18257,18621,18769,18808,18912,18985,19086,18985,18900,18778,18932,18983,18935,19105,19279,19383,19473,19643,19852,20157,20214,20456,20510,20738,20904,21016,21154,21334,21506
Sverige,Örebro län,Askersund,11412,11292,11174,11070,11118,11186,11216,11342,11405,11484,11624,11675,11896,11823,11802,11712,11744,11614,11653,11723,11703,11879,12008,12090,12302,12320,12358,12230,12065,11911,11809,11621,11530,11483,11449,11539,11477,11461,11470,11394,11386,11307,11278,11134,11011,11096,11119,11151,11282,11175
Sverige,Örebro län,Karlskoga,38647,39207,39706,39509,38699,38351,38205,38103,37724,37504,37252,37070,36828,36493,35944,35539,35170,35028,34761,34395,34316,34087,33869,33649,33451,33453,33324,32949,32634,32269,32006,31530,31293,30832,30600,30532,30343,30185,30159,29988,29872,29742,29668,29616,29631,29728,30054,30283,30538,30413
Sverige,Örebro län,Nora,9059,9052,9029,8946,9033,9072,9170,9269,9421,9797,9911,10098,10211,10148,10142,10177,10097,10043,10062,10027,10200,10369,10516,10593,10638,10761,10832,10799,10663,10494,10510,10420,10465,10456,10515,10552,10523,10472,10482,10447,10375,10343,10447,10429,10356,10399,10352,10502,10665,10747
Sverige,Örebro län,Lindesberg,24732,24424,24163,24132,24418,24523,24595,24545,24543,24713,24912,24917,24956,25042,25061,25042,24870,24631,24563,24446,24415,24617,24663,24806,24833,24885,24941,24835,24518,24197,24004,23673,23525,23473,23492,23442,23300,23228,23074,23104,23099,23029,23034,23108,22979,23176,23269,23562,23744,23613
Sverige,Västmanlands län,Skinnskatteberg,5648,5576,5480,5519,5452,5372,5328,5383,5395,5459,5386,5402,5346,5331,5332,5287,5286,5271,5237,5254,5236,5318,5343,5359,5377,5373,5264,5262,5155,5045,4953,4859,4855,4837,4785,4857,4829,4761,4752,4686,4622,4567,4445,4412,4392,4411,4434,4472,4429,4431
Sverige,Västmanlands län,Surahammar,10843,10964,10979,10868,11007,11043,11084,11074,11221,11355,11427,11493,11439,11603,11444,11413,11412,11234,11159,11206,11287,11337,11381,11383,11396,11384,11344,11107,10905,10795,10679,10498,10340,10246,10207,10200,10249,10196,10109,10122,10062,9980,9949,9871,9890,9834,9918,9985,10059,10037
Sverige,Västmanlands län,Kungsör,7981,8097,8200,8121,7996,7995,8217,8279,8390,8477,8534,8610,8606,8552,8481,8438,8348,8322,8378,8291,8317,8405,8472,8545,8613,8528,8440,8365,8294,8239,8178,8155,8148,8185,8222,8235,8287,8303,8211,8219,8170,8116,8089,8086,8030,8175,8269,8343,8432,8603
Sverige,Västmanlands län,Hallstahammar,18278,18505,18988,19039,19024,18732,18663,18552,18644,18558,18437,18424,18237,17888,17521,17296,17036,16854,16681,16622,16637,16742,16628,16581,16483,16495,16257,16072,15830,15681,15407,15189,15064,15052,14986,15039,15038,14955,15042,15040,15014,15127,15175,15224,15346,15524,15596,15645,15843,15998
Sverige,Västmanlands län,Norberg,6861,6793,6794,6774,6686,6618,6619,6612,6679,6670,6705,6790,6843,6781,6651,6618,6551,6485,6481,6488,6531,6581,6665,6720,6712,6685,6649,6503,6407,6363,6182,6087,5939,5928,5876,5930,5949,5866,5843,5788,5749,5730,5723,5725,5630,5608,5719,5803,5795,5796
Sverige,Västmanlands län,Västerås,111647,114188,116725,118234,118101,117936,118044,117911,118055,118141,117599,117257,117487,117408,117793,117954,117658,117706,117732,117563,117717,118386,119761,120354,120889,121593,122998,123728,124084,124119,124780,125433,126328,127799,128902,129987,131014,131934,132920,133728,134684,135936,137207,138709,140499,142131,143702,145218,147420,150134
Sverige,Västmanlands län,Sala,19757,19564,19595,19652,19933,20128,20266,20421,20520,20530,20717,20959,20936,20978,21053,21075,21052,21000,21112,21231,21381,21607,21820,22060,22233,22324,22267,22074,22063,21907,21748,21530,21548,21535,21663,21742,21554,21446,21360,21412,21365,21499,21535,21568,21596,21769,21925,22109,22353,22631
Sverige,Västmanlands län,Fagersta,16858,17041,16963,16947,16445,16114,16118,15911,15724,15535,15361,15294,15121,14970,14782,14466,14199,13989,13871,13753,13744,13812,13756,13722,13664,13702,13583,13355,13235,12975,12773,12583,12381,12270,12325,12334,12231,12270,12202,12183,12267,12249,12443,12553,12634,12872,13133,13286,13445,13415
Sverige,Västmanlands län,Köping,28967,29685,29718,29379,28538,28168,27987,27872,27715,27691,27426,27291,27201,26928,26799,26603,26503,26371,26296,26280,26253,26318,26444,26345,26308,26341,26331,26137,25866,25564,25219,24915,24763,24750,24647,24585,24677,24646,24659,24646,24740,24847,24905,24807,24854,25237,25376,25557,25950,26116
Sverige,Västmanlands län,Arboga,14802,14791,14830,14876,14824,14820,14706,14717,14653,14698,14843,14834,14944,14734,14623,14575,14484,14441,14380,14384,14457,14536,14622,14605,14552,14572,14646,14554,14326,14105,14070,14036,13870,13616,13574,13514,13406,13380,13391,13369,13301,13302,13285,13302,13353,13493,13631,13858,13903,13934
Sverige,Dalarnas län,Vansbro,9294,9111,8968,8872,8800,8730,8705,8693,8624,8578,8498,8546,8523,8477,8354,8285,8246,8150,8043,7942,7923,7913,7901,7876,7795,7764,7685,7595,7576,7505,7476,7376,7291,7219,7235,7164,7122,7061,6983,6959,6916,6876,6805,6818,6779,6730,6694,6715,6884,6837
Sverige,Dalarnas län,Malung-Sälen,12551,12335,12221,12106,12098,12053,12013,11965,11927,12009,11999,11942,11971,11865,11839,11822,11796,11683,11626,11579,11611,11676,11605,11576,11503,11441,11494,11366,11279,11124,10972,10925,10799,10640,10593,10538,10557,10513,10518,10428,10385,10408,10356,10262,10178,10061,9969,10036,10091,10114
Sverige,Dalarnas län,Gagnef,8125,8097,8190,8226,8400,8652,8897,9122,9516,9626,9738,9812,9842,9851,9870,9908,9904,9877,9788,9846,10008,10263,10453,10506,10523,10538,10535,10487,10389,10300,10271,10168,10075,10050,10008,10059,10091,10131,10080,10111,10107,10071,10097,10069,10012,10023,10024,10079,10175,10241
Sverige,Dalarnas län,Leksand,12595,12512,12347,12269,12287,12434,12579,12761,13011,13120,13275,13440,13572,13666,13779,13848,13918,13930,13914,13983,14115,14382,14805,15156,15254,15340,15475,15440,15497,15532,15479,15368,15240,15313,15301,15419,15504,15440,15450,15338,15288,15303,15289,15238,15146,15157,15252,15326,15507,15640
Sverige,Dalarnas län,Rättvik,11300,11025,10805,10724,10691,10634,10665,10732,10823,10891,11003,11047,11194,11128,11092,11136,11115,10967,10947,10973,11048,11213,11345,11371,11418,11399,11382,11325,11226,11096,11044,10897,10847,10856,10898,10827,10864,10886,10884,10883,10850,10797,10811,10859,10799,10766,10748,10759,10856,10837
Sverige,Dalarnas län,Orsa,7147,7045,6917,6956,6936,6950,6933,7005,7191,7215,7272,7311,7354,7350,7332,7357,7379,7353,7239,7282,7291,7345,7351,7377,7356,7352,7409,7399,7330,7222,7150,7040,6986,6979,7015,7053,7031,7020,7026,7091,6990,6934,6922,6867,6835,6849,6812,6750,6861,6887
Sverige,Dalarnas län,Älvdalen,9552,9255,8970,8807,8647,8651,8537,8429,8428,8431,8392,8390,8348,8350,8333,8324,8289,8266,8272,8253,8271,8273,8353,8370,8358,8292,8272,8228,8153,8093,7932,7804,7718,7652,7617,7570,7515,7445,7419,7362,7287,7288,7207,7184,7139,7096,7052,7035,7039,7068
Sverige,Dalarnas län,Smedjebacken,12706,13162,13193,13207,13284,13366,13426,13397,13576,13506,13499,13358,13389,13377,13373,13390,13328,13280,13194,13100,13183,13216,13282,13315,13132,13139,12927,12782,12561,12346,12135,11873,11598,11357,11157,11012,10923,10812,10715,10715,10734,10758,10715,10662,10650,10691,10712,10790,10909,10894
Sverige,Dalarnas län,Mora,17181,17124,17095,17242,17391,17511,17749,17927,18239,18604,18926,19127,19376,19444,19655,19686,19788,19892,19925,19993,20078,20332,20549,20868,20919,20892,21067,20930,20787,20629,20398,20246,20132,20014,20024,20093,20083,20212,20159,20143,20153,20146,20153,20107,20082,19998,20006,20101,20279,20369
Sverige,Dalarnas län,Falun,45858,46236,46572,46608,46631,46719,46814,47650,48454,49150,49585,50079,50597,50867,51116,51192,51443,51653,51900,52202,52448,53110,53748,54364,54653,54793,55014,55088,55005,54542,54576,54489,54426,54601,54841,55010,54994,55274,55267,55220,55297,55685,56044,56124,56432,56767,56896,57062,57685,58340
Sverige,Dalarnas län,Borlänge,42781,43363,43854,44616,45034,45411,45833,46208,46059,45924,45850,46318,46794,46693,46766,46407,46181,45858,45966,45990,46343,46424,46671,46915,47300,47623,48171,48461,48457,48180,47838,47441,47206,46962,47049,46919,46988,46987,47399,47756,48185,48681,49251,49323,49482,50023,50715,50988,51604,51964
Sverige,Dalarnas län,Säter,9888,9866,9812,9754,9791,9827,10034,10262,10375,10356,10489,10644,10874,10931,10997,11096,11140,11201,11276,11318,11490,11742,11896,11965,11915,11948,11949,11790,11669,11469,11352,11316,11259,11157,11043,11041,10980,10989,10991,11000,10957,10900,10840,10861,10851,10873,10886,11009,11086,11160
Sverige,Dalarnas län,Hedemora,17402,17202,16836,16642,16536,16650,16757,16736,16984,16997,16999,17084,17063,17034,16936,16968,16988,16894,16748,16724,16644,16668,16855,16878,16915,17035,17050,16879,16690,16450,16249,16108,15857,15749,15584,15555,15506,15494,15380,15301,15259,15195,15164,15119,15064,15021,15085,15235,15461,15566
Sverige,Dalarnas län,Avesta,28744,28379,28031,27803,27485,27485,27361,27153,27120,26904,26667,26471,26376,26063,25750,25527,25317,24969,24814,24731,24671,24776,24832,24707,24538,24352,24276,24010,23688,23267,22897,22714,22375,22330,22296,22249,22102,21954,21963,21886,21937,21762,21583,21486,21467,21582,22022,22781,23161,23256
Sverige,Dalarnas län,Ludvika,33872,33375,33245,33452,33442,33031,32856,33069,33023,32723,32298,31976,31695,31386,31086,30664,30281,29907,29539,29414,29283,29334,29421,29144,28666,28607,28497,28176,27864,27477,27129,26810,26450,26131,25975,26011,25782,25537,25477,25425,25522,25650,25810,25586,25639,25712,26030,26362,26933,26992
Sverige,Gävleborgs län,Ockelbo,7094,6850,6725,6691,6584,6532,6455,6410,6423,6483,6512,6556,6663,6687,6661,6659,6583,6438,6444,6456,6489,6452,6484,6454,6487,6466,6533,6478,6329,6319,6256,6222,6189,6137,6101,5991,6047,6051,6038,5985,6027,5982,5936,5907,5850,5785,5765,5849,5856,5896
Sverige,Gävleborgs län,Hofors,15893,15860,15615,15423,15076,14741,14610,14456,14265,14025,13797,13483,13170,12921,12750,12476,12459,12368,12314,12293,12204,12165,12028,11879,11694,11718,11551,11368,11239,11191,10987,10780,10624,10501,10372,10338,10237,10197,10091,10039,9896,9873,9741,9578,9521,9511,9431,9435,9564,9660
Sverige,Gävleborgs län,Ovanåker,13449,13270,13153,13214,13303,13261,13362,13446,13563,13592,13691,13707,13785,13793,13743,13683,13624,13613,13531,13457,13447,13506,13558,13536,13438,13369,13328,13256,13176,12999,12801,12623,12491,12333,12193,12051,11985,11873,11816,11795,11647,11530,11440,11404,11392,11354,11432,11469,11631,11609
Sverige,Gävleborgs län,Nordanstig,11723,11546,11469,11428,11498,11524,11611,11576,11616,11704,11840,11869,11962,11921,11801,11721,11646,11603,11551,11457,11418,11371,11541,11553,11400,11305,11290,11084,10944,10884,10748,10510,10282,10097,10021,9971,9872,9847,9810,9813,9736,9646,9611,9533,9533,9491,9493,9490,9511,9481
Sverige,Gävleborgs län,Ljusdal,23274,22828,22462,22312,22343,22172,22024,21868,21846,21767,21623,21558,21595,21573,21498,21426,21319,21161,21030,20958,21026,21095,21163,21130,21119,21112,20979,20785,20558,20373,20167,20147,20006,19858,19776,19771,19592,19384,19243,19175,19133,19077,19065,18974,18880,18931,18949,19027,19067,19028
Sverige,Gävleborgs län,Gävle,83558,83637,84500,84630,84505,84576,85234,86911,87408,87463,87491,87364,87378,87525,87621,87671,87817,87784,87431,87474,87747,88081,88568,88810,89194,89561,90270,90587,90678,90308,90105,90451,90742,91233,91276,91701,92081,92205,92416,92681,93509,94352,95055,95428,96170,97236,98314,98877,99788,100603
Sverige,Gävleborgs län,Sandviken,42780,43101,43667,43607,43486,43202,43011,43143,43330,43197,43078,43139,42866,42474,41956,41319,40778,40423,40096,39876,39740,40015,39906,39747,39515,39607,39191,38995,38700,38432,37905,37511,37064,36805,36765,36817,36835,36690,36748,36804,36879,36978,36916,36995,37089,37250,37833,38314,38949,39259
Sverige,Gävleborgs län,Söderhamn,32185,31824,31867,32195,31983,31860,32176,32243,31928,31780,31536,31264,31186,31148,30968,30736,30525,30288,29895,29709,29606,29538,29624,29730,29562,29742,29573,29315,29003,28549,28209,27842,27675,27464,27250,26956,26731,26506,26257,26120,25987,25759,25647,25334,25223,25442,25456,25785,25992,25782
Sverige,Gävleborgs län,Bollnäs,28069,27889,27716,27705,27697,27738,27724,27667,27546,27591,27636,27683,27877,28000,28057,28105,28059,27871,27819,27659,27724,27976,28094,28049,28150,28028,28111,27933,27797,27560,27295,27075,26735,26455,26210,26213,26249,26237,26278,26217,26189,26175,26248,26193,26158,26141,26394,26594,26929,26918
Sverige,Gävleborgs län,Hudiksvall,35804,35957,36282,36396,36447,36415,36553,36692,36702,36810,37084,37336,37538,37615,37668,37701,37723,37604,37580,37568,37603,38024,38328,38451,38631,38704,38828,38708,38365,38021,37753,37556,37454,37288,37048,37057,36970,37004,36956,36927,36905,36848,36849,36784,36821,36829,36924,36975,37299,37401
Sverige,Västernorrlands län,Ånge,15743,15306,14984,14799,14648,14350,14092,13908,13806,13580,13503,13452,13349,13279,13223,13182,13134,13001,12873,12760,12653,12536,12587,12576,12437,12418,12316,12038,11838,11729,11497,11368,11234,10997,10948,10897,10821,10692,10604,10442,10323,10148,10053,9839,9639,9548,9484,9493,9495,9480
Sverige,Västernorrlands län,Timrå,17626,17533,17797,18155,18388,18245,18404,18603,18784,18884,18904,18925,18872,18804,18600,18467,18405,18279,18269,18374,18392,18553,18540,18651,18755,18824,18935,18764,18590,18377,18254,18059,17988,17790,17784,17854,17859,17747,17870,17884,17980,17902,17990,18026,17997,18062,18025,17987,17992,18030
Sverige,Västernorrlands län,Härnösand,26962,26918,26953,27177,27253,27191,27149,27051,27040,27245,27360,27616,27756,27732,27759,27708,27556,27338,27287,27252,27248,27204,27446,27512,27531,27479,27567,27326,27146,26790,26365,25950,25493,25227,25193,25272,25273,25227,25080,24922,24716,24675,24611,24541,24398,24509,24755,25066,25269,25190
Sverige,Västernorrlands län,Sundsvall,89880,89866,90795,91298,91638,92483,93368,93992,94148,94336,94375,94358,94742,94768,94360,93947,93569,93181,92795,92721,92983,93404,93808,94124,94329,94542,94815,94531,94440,94328,93923,93486,93126,93125,93252,93307,93707,94044,94516,94575,94955,95533,95732,96113,96687,96978,97338,97633,98325,98810
Sverige,Västernorrlands län,Kramfors,29928,29387,29005,28831,28699,28361,28178,27892,27572,27423,27091,26746,26611,26256,26109,25828,25501,25223,24929,24793,24607,24571,24555,24335,24083,24060,23765,23449,23084,22730,22333,21869,21382,20951,20711,20508,20383,20107,19816,19663,19473,19214,18911,18742,18516,18450,18435,18359,18681,18610
Sverige,Västernorrlands län,Sollefteå,28782,27989,27495,27207,27036,26575,26265,26210,26147,26088,26125,26133,26053,25931,25752,25566,25515,25401,25305,25184,25114,24965,24840,24758,24556,24412,24234,23936,23747,23285,22854,22400,21978,21624,21384,21317,21207,20976,20849,20679,20538,20442,20255,19964,19736,19623,19776,19783,19846,19709
Sverige,Västernorrlands län,Örnsköldsvik,60595,60360,60374,60215,59958,60068,60152,60378,60740,60801,60752,60665,60552,60345,60235,60105,59918,59891,59631,59248,58967,59255,59379,59324,59138,58832,58663,58246,57742,57115,56658,56167,55702,55364,55047,54950,54945,54943,55243,55284,55387,55128,55073,54930,55008,54986,55248,55576,55964,56139
Sverige,Jämtlands län,Ragunda,9075,8757,8473,8322,8246,8125,7932,7826,7767,7712,7645,7609,7571,7489,7522,7493,7432,7336,7206,7109,7077,7119,7078,6983,6872,6861,6829,6748,6667,6598,6540,6489,6313,6148,6079,5948,5894,5796,5806,5747,5681,5609,5590,5501,5466,5458,5440,5387,5415,5444
Sverige,Jämtlands län,Bräcke,10389,10076,9938,9860,9762,9691,9616,9503,9415,9303,9276,9229,9224,9181,9113,9021,8944,8794,8701,8578,8664,8612,8739,8668,8559,8593,8495,8333,8186,7990,7864,7744,7577,7400,7406,7359,7282,7192,7202,7109,7009,6865,6885,6750,6655,6559,6463,6455,6492,6501
Sverige,Jämtlands län,Krokom,13708,13253,12921,12992,13085,13177,13103,13112,13028,13092,13231,13442,13418,13477,13692,13954,13999,13979,13866,13899,14036,14115,14373,14580,14711,14785,14882,14716,14681,14558,14279,14221,14154,14047,14005,14088,14126,14130,14270,14304,14324,14460,14535,14559,14590,14643,14648,14785,14843,14925
Sverige,Jämtlands län,Strömsund,19551,18845,18460,18346,18238,18198,17954,17758,17606,17550,17505,17451,17343,17299,17097,16924,16752,16611,16374,16217,16164,16148,16093,16010,15804,15660,15524,15316,15081,14825,14575,14244,13938,13643,13371,13267,13112,12931,12782,12679,12532,12286,12185,12171,12138,11984,11873,11712,11809,11791
Sverige,Jämtlands län,Åre,10094,9891,9582,9426,9306,9225,9184,9178,9228,9260,9301,9370,9469,9530,9615,9535,9603,9659,9606,9614,9787,9889,9975,9966,9936,9994,10115,10134,10086,9930,9838,9754,9745,9607,9692,9692,9821,9966,10021,10127,10259,10278,10274,10259,10406,10420,10555,10677,11088,11268
Sverige,Jämtlands län,Berg,10133,9785,9406,9361,9315,9093,9023,8906,8802,8877,8916,8983,9003,8903,8862,8789,8700,8641,8553,8538,8529,8594,8660,8694,8648,8577,8527,8480,8402,8364,8274,8272,8175,8053,7949,7865,7779,7696,7592,7586,7533,7447,7352,7345,7215,7160,7067,7032,7081,7122
Sverige,Jämtlands län,Härjedalen,12991,12787,12759,12845,12910,12859,12980,13015,13114,13215,13143,13129,13096,13048,12983,12925,12894,12724,12575,12520,12578,12579,12491,12408,12361,12293,12199,12109,11961,11790,11723,11594,11415,11327,11289,11065,10951,10889,10764,10699,10645,10585,10454,10341,10246,10281,10224,10262,10200,10154
Sverige,Jämtlands län,Östersund,48732,49042,49750,50680,51390,52174,53252,54135,54792,55180,55403,55440,55810,56018,55981,56305,56407,56446,56662,56914,57281,57733,58317,58700,59019,59310,59730,59748,59497,59088,58673,58387,58249,58361,58156,58361,58459,58428,58583,58686,58914,59136,59416,59373,59485,59956,60495,61066,61745,62601
Sverige,Västerbottens län,Nordmaling,8446,8277,8159,8032,7874,7802,7732,7736,7737,7809,7852,7986,8124,8138,8112,8001,7952,7900,7918,7893,7944,8107,8192,8184,8193,8215,8192,8104,8059,7934,7873,7767,7663,7660,7573,7616,7511,7470,7426,7390,7276,7205,7098,7048,7039,7006,7085,7060,7132,7103
Sverige,Västerbottens län,Bjurholm,4133,4049,3912,3824,3776,3668,3552,3486,3432,3412,3427,3401,3354,3320,3255,3215,3156,3070,3008,2989,2950,2991,2959,2924,2901,2865,2832,2854,2859,2813,2786,2746,2695,2639,2608,2575,2588,2553,2541,2549,2516,2500,2460,2431,2421,2436,2451,2453,2454,2451
Sverige,Västerbottens län,Vindeln,7998,7849,7621,7423,7315,7227,7175,7153,7130,7143,7122,7096,7101,7067,6974,6863,6758,6636,6538,6496,6471,6632,6661,6691,6612,6585,6552,6451,6392,6289,6245,6142,6074,6039,5960,5885,5773,5752,5665,5640,5613,5519,5507,5434,5359,5344,5383,5371,5413,5412
Sverige,Västerbottens län,Robertsfors,7946,7733,7551,7520,7458,7417,7388,7454,7471,7515,7530,7637,7737,7771,7772,7791,7778,7713,7661,7716,7715,7833,7871,7868,7837,7789,7815,7707,7637,7559,7439,7355,7307,7274,7168,7082,7106,7066,6996,6909,6900,6880,6831,6762,6717,6738,6724,6771,6784,6784
Sverige,Västerbottens län,Norsjö,6479,6326,6207,6098,5961,5886,5873,5830,5798,5794,5746,5748,5719,5627,5610,5545,5483,5445,5400,5384,5338,5349,5371,5333,5314,5244,5250,5120,5036,4960,4850,4804,4689,4642,4541,4478,4483,4466,4437,4380,4363,4361,4304,4237,4172,4175,4180,4176,4125,4086
Sverige,Västerbottens län,Malå,4629,4595,4653,4673,4610,4524,4450,4347,4340,4297,4302,4296,4312,4304,4267,4294,4241,4222,4187,4153,4136,4142,4154,4158,4125,4053,4044,3981,3934,3866,3821,3723,3610,3579,3553,3498,3464,3421,3348,3338,3369,3295,3274,3230,3196,3155,3115,3109,3100,3133
Sverige,Västerbottens län,Storuman,9297,9054,8761,8506,8427,8402,8349,8439,8418,8382,8352,8314,8330,8330,8316,8275,8256,8201,8106,7978,7896,7847,7735,7708,7731,7583,7460,7438,7359,7314,7177,7071,6934,6788,6679,6595,6554,6507,6432,6383,6304,6227,6120,6026,6006,5954,5955,5943,5899,5902
Sverige,Västerbottens län,Sorsele,4581,4438,4313,4255,4210,4130,4088,4060,4030,3981,3944,3911,3923,3914,3875,3842,3775,3689,3659,3624,3565,3570,3547,3524,3496,3480,3424,3392,3337,3323,3281,3244,3195,3132,3046,2981,2957,2905,2867,2811,2733,2743,2736,2729,2673,2595,2565,2516,2535,2516
Sverige,Västerbottens län,Dorotea,4443,4281,4099,3995,3974,3993,4007,3966,3946,3963,3939,3935,3972,3939,3897,3882,3866,3821,3804,3808,3759,3757,3752,3737,3753,3792,3634,3617,3522,3492,3441,3364,3353,3294,3247,3226,3156,3082,3069,2993,2914,2900,2878,2862,2794,2757,2757,2740,2719,2646
Sverige,Västerbottens län,Vännäs,8228,8197,8166,8101,8071,7953,7936,7870,7876,7905,7970,8013,8093,8152,8152,8119,8102,8117,8123,8165,8266,8325,8410,8611,8767,8749,8846,8780,8636,8667,8574,8584,8532,8449,8479,8513,8525,8412,8436,8351,8357,8357,8414,8465,8522,8583,8616,8593,8695,8776
Sverige,Västerbottens län,Vilhelmina,9090,8889,8676,8652,8673,8647,8666,8687,8769,8834,8772,8690,8681,8645,8664,8649,8686,8640,8574,8480,8464,8532,8509,8452,8406,8456,8488,8371,8314,8279,8125,8006,7918,7730,7655,7588,7422,7327,7280,7220,7220,7156,7135,7048,6941,6887,6848,6829,6805,6787
Sverige,Västerbottens län,Åsele,5764,5535,5297,5197,5098,5029,4918,4895,4872,4822,4804,4744,4719,4638,4595,4503,4442,4342,4264,4201,4144,4139,4114,4143,4049,4127,4009,4012,3924,3845,3789,3710,3624,3563,3499,3410,3375,3322,3271,3265,3180,3133,3039,3007,2958,2875,2838,2832,2875,2809
Sverige,Västerbottens län,Umeå,66154,67721,69547,70776,72136,72960,73977,75290,76276,77458,78827,79930,81088,82143,82946,83717,84192,85108,85698,86816,88726,90004,91258,92653,94912,97190,99249,101337,102487,103151,103517,103970,104512,105006,106525,107917,109390,110758,111235,111771,112728,114075,115473,116465,117294,118349,119613,120777,122892,125080
Sverige,Västerbottens län,Lycksele,15084,14928,14769,14587,14642,14657,14644,14692,14681,14620,14573,14550,14493,14536,14468,14309,14165,14069,13997,13909,14020,14186,14177,14284,14157,14228,14158,13960,13715,13549,13386,13224,13058,12988,12884,12820,12785,12701,12612,12503,12477,12427,12376,12343,12351,12270,12208,12177,12187,12257
Sverige,Västerbottens län,Skellefteå,72175,71671,71402,71217,71128,71570,72120,72492,72929,73312,73441,73647,74210,74265,74152,74247,74329,74282,74267,74091,74127,74720,75258,75565,75734,75815,75822,75348,74684,74122,73499,73000,72476,72035,71813,71772,71786,71910,71966,72090,71862,71770,71641,71580,71774,71988,72024,72031,72266,72723
Sverige,Norrbottens län,Arvidsjaur,8692,8476,8311,8244,8216,8154,8092,8050,8063,8050,8127,8217,8392,8386,8336,8331,8264,8185,8136,8098,8074,8080,8081,8014,7965,7879,7974,7788,7716,7546,7401,7233,7148,7129,7017,6948,6894,6814,6791,6751,6665,6622,6529,6494,6467,6471,6484,6471,6442,6440
Sverige,Norrbottens län,Arjeplog,4681,4505,4379,4378,4348,4266,4221,4192,4152,4133,4049,4034,4041,4000,3980,3960,3917,3927,3831,3818,3814,3815,3753,3743,3727,3730,3676,3697,3615,3575,3517,3455,3384,3313,3291,3259,3224,3159,3151,3089,3146,3143,3161,3114,3054,2980,2907,2887,2876,2821
Sverige,Norrbottens län,Jokkmokk,8720,8341,7993,7866,7770,7738,7666,7598,7562,7423,7324,7165,7087,7039,7032,7027,6941,6893,6822,6820,6823,6815,6726,6660,6598,6594,6573,6507,6511,6412,6305,6146,6019,5935,5782,5633,5599,5534,5491,5406,5305,5210,5170,5119,5086,5066,5086,5072,5105,5081
Sverige,Norrbottens län,Överkalix,6704,6324,6036,5878,5756,5685,5584,5462,5334,5256,5212,5145,5083,5060,5038,4964,4904,4840,4762,4687,4707,4724,4744,4736,4714,4739,4671,4560,4509,4419,4366,4304,4206,4118,4058,3993,3933,3872,3859,3795,3715,3670,3611,3549,3497,3436,3409,3395,3378,3367
Sverige,Norrbottens län,Kalix,18435,18262,18178,18227,18285,18323,18415,18687,18767,18771,19129,19382,19599,19576,19546,19528,19483,19338,19213,19143,19160,19289,19241,19288,19249,19210,19108,18963,18780,18557,18408,18143,17995,17847,17805,17702,17653,17483,17396,17283,17162,16926,16740,16591,16518,16387,16307,16248,16223,16169
Sverige,Norrbottens län,Övertorneå,7994,7683,7356,7199,7092,6900,6679,6526,6387,6298,6293,6269,6293,6374,6364,6347,6262,6181,6101,6151,6122,6118,6093,6167,6234,6224,6159,6063,5999,5962,5868,5746,5602,5484,5391,5331,5244,5229,5168,5092,4972,4920,4812,4810,4772,4709,4711,4603,4534,4461
Sverige,Norrbottens län,Pajala,11810,11355,10752,10564,10328,10064,9722,9421,9164,9015,8909,8821,8763,8712,8722,8763,8719,8685,8646,8599,8593,8453,8424,8420,8399,8361,8278,8119,7991,7848,7779,7647,7480,7319,7206,7053,6925,6798,6688,6522,6429,6309,6282,6270,6279,6299,6303,6193,6116,6101
Sverige,Norrbottens län,Gällivare,26162,25653,25413,25489,25607,25707,25567,25406,25279,25070,24783,24661,24711,24562,24203,23993,23717,23532,23254,22908,22717,22562,22421,22360,22392,22504,22333,22050,21701,21376,20987,20504,20037,19680,19420,19251,19204,19077,18959,18860,18703,18533,18425,18326,18307,18339,18231,18123,17956,17825
Sverige,Norrbottens län,Älvsbyn,9090,8850,8700,8695,8720,8749,8953,9145,9272,9381,9390,9563,9624,9574,9600,9616,9536,9458,9414,9387,9373,9398,9400,9446,9492,9452,9471,9400,9346,9277,9101,9060,8947,8892,8835,8838,8775,8655,8653,8545,8465,8387,8335,8253,8200,8168,8171,8183,8193,8274
Sverige,Norrbottens län,Luleå,57220,57705,58878,59377,60396,62119,64322,66290,67190,67405,67180,67190,66834,66869,66354,66512,66811,66557,66526,66719,67443,67903,68412,68523,68924,69794,70694,71106,71238,71491,71360,71251,71652,71952,72139,72237,72565,72751,73313,73146,73406,73950,74178,74426,74905,75383,75966,76088,76770,77470
Sverige,Norrbottens län,Piteå,32618,32625,32800,33274,33639,34092,34781,35547,36463,37210,37556,38146,38402,38574,38671,38700,38797,38870,38688,38828,39079,39516,40034,40475,40766,40807,41021,40923,40859,40553,40458,40404,40363,40451,40531,40662,40830,40873,40943,40961,40902,40860,40892,40942,41078,41278,41508,41548,41904,42184
Sverige,Norrbottens län,Boden,27558,27264,27032,27021,27182,27329,27499,27815,28178,28559,28752,28770,28848,28813,28887,29018,29113,29029,28981,29117,29160,29461,29740,30178,30495,30570,30476,30153,29814,29415,29195,28872,28679,28380,28268,28214,28277,28176,28002,27838,27535,27408,27471,27643,27598,27838,27887,27913,28042,28181
Sverige,Norrbottens län,Haparanda,9200,8957,8893,8837,8912,8939,8983,9053,9080,9166,9275,9443,9672,9786,9969,9944,10000,9943,9955,10007,10159,10343,10517,10650,10917,10937,11041,10856,10666,10617,10580,10495,10412,10384,10334,10346,10208,10184,10214,10192,10173,10112,10059,10041,9904,9886,9776,9831,9864,9805
Sverige,Norrbottens län,Kiruna,30629,30346,30639,31029,31081,31002,31064,31194,31222,30861,30350,30177,29705,29264,28645,27754,27220,26862,26710,26551,26312,26361,26149,26174,26217,26291,26173,25826,25575,25269,25148,24834,24314,23849,23555,23407,23254,23135,23258,23122,23099,22969,22944,22967,22972,23196,23241,23178,23167,23116
